,관광지,날짜,버즈량
0,국립제주박물관,2021-01-01,2
1,국립제주박물관,2021-01-02,0
2,국립제주박물관,2021-01-03,4
3,국립제주박물관,2021-01-04,1
4,국립제주박물관,2021-01-05,6
5,국립제주박물관,2021-01-06,1
6,국립제주박물관,2021-01-07,1
7,국립제주박물관,2021-01-08,1
8,국립제주박물관,2021-01-09,1
9,국립제주박물관,2021-01-10,4
10,국립제주박물관,2021-01-11,4
11,국립제주박물관,2021-01-12,1
12,국립제주박물관,2021-01-13,2
13,국립제주박물관,2021-01-14,8
14,국립제주박물관,2021-01-15,5
15,국립제주박물관,2021-01-16,1
16,국립제주박물관,2021-01-17,2
17,국립제주박물관,2021-01-18,2
18,국립제주박물관,2021-01-19,3
19,국립제주박물관,2021-01-20,1
20,국립제주박물관,2021-01-21,4
21,국립제주박물관,2021-01-22,1
22,국립제주박물관,2021-01-23,1
23,국립제주박물관,2021-01-24,3
24,국립제주박물관,2021-01-25,2
25,국립제주박물관,2021-01-26,5
26,국립제주박물관,2021-01-27,8
27,국립제주박물관,2021-01-28,2
28,국립제주박물관,2021-01-29,1
29,국립제주박물관,2021-01-30,2
30,국립제주박물관,2021-01-31,1
31,국립제주박물관,2021-02-01,0
32,국립제주박물관,2021-02-02,2
33,국립제주박물관,2021-02-03,3
34,국립제주박물관,2021-02-04,4
35,국립제주박물관,2021-02-05,1
36,국립제주박물관,2021-02-06,0
37,국립제주박물관,2021-02-07,4
38,국립제주박물관,2021-02-08,2
39,국립제주박물관,2021-02-09,3
40,국립제주박물관,2021-02-10,2
41,국립제주박물관,2021-02-11,0
42,국립제주박물관,2021-02-12,4
43,국립제주박물관,2021-02-13,2
44,국립제주박물관,2021-02-14,2
45,국립제주박물관,2021-02-15,5
46,국립제주박물관,2021-02-16,5
47,국립제주박물관,2021-02-17,3
48,국립제주박물관,2021-02-18,3
49,국립제주박물관,2021-02-19,4
50,국립제주박물관,2021-02-20,2
51,국립제주박물관,2021-02-21,1
52,국립제주박물관,2021-02-22,4
53,국립제주박물관,2021-02-23,2
54,국립제주박물관,2021-02-24,5
55,국립제주박물관,2021-02-25,3
56,국립제주박물관,2021-02-26,3
57,국립제주박물관,2021-02-27,2
58,국립제주박물관,2021-02-28,2
59,국립제주박물관,2021-03-01,2
60,국립제주박물관,2021-03-02,1
61,국립제주박물관,2021-03-03,0
62,국립제주박물관,2021-03-04,0
63,국립제주박물관,2021-03-05,0
64,국립제주박물관,2021-03-06,4
65,국립제주박물관,2021-03-07,1
66,국립제주박물관,2021-03-08,2
67,국립제주박물관,2021-03-09,2
68,국립제주박물관,2021-03-10,3
69,국립제주박물관,2021-03-11,4
70,국립제주박물관,2021-03-12,5
71,국립제주박물관,2021-03-13,1
72,국립제주박물관,2021-03-14,2
73,국립제주박물관,2021-03-15,1
74,국립제주박물관,2021-03-16,1
75,국립제주박물관,2021-03-17,2
76,국립제주박물관,2021-03-18,3
77,국립제주박물관,2021-03-19,4
78,국립제주박물관,2021-03-20,1
79,국립제주박물관,2021-03-21,3
80,국립제주박물관,2021-03-22,4
81,국립제주박물관,2021-03-23,2
82,국립제주박물관,2021-03-24,4
83,국립제주박물관,2021-03-25,3
84,국립제주박물관,2021-03-26,3
85,국립제주박물관,2021-03-27,3
86,국립제주박물관,2021-03-28,2
87,국립제주박물관,2021-03-29,0
88,국립제주박물관,2021-03-30,2
89,국립제주박물관,2021-03-31,2
90,국립제주박물관,2021-04-01,2
91,국립제주박물관,2021-04-02,3
92,국립제주박물관,2021-04-03,0
93,국립제주박물관,2021-04-04,0
94,국립제주박물관,2021-04-05,0
95,국립제주박물관,2021-04-06,4
96,국립제주박물관,2021-04-07,4
97,국립제주박물관,2021-04-08,4
98,국립제주박물관,2021-04-09,2
99,국립제주박물관,2021-04-10,0
100,국립제주박물관,2021-04-11,3
101,국립제주박물관,2021-04-12,4
102,국립제주박물관,2021-04-13,3
103,국립제주박물관,2021-04-14,3
104,국립제주박물관,2021-04-15,1
105,국립제주박물관,2021-04-16,2
106,국립제주박물관,2021-04-17,1
107,국립제주박물관,2021-04-18,2
108,국립제주박물관,2021-04-19,3
109,국립제주박물관,2021-04-20,2
110,국립제주박물관,2021-04-21,3
111,국립제주박물관,2021-04-22,2
112,국립제주박물관,2021-04-23,1
113,국립제주박물관,2021-04-24,2
114,국립제주박물관,2021-04-25,4
115,국립제주박물관,2021-04-26,1
116,국립제주박물관,2021-04-27,2
117,국립제주박물관,2021-04-28,1
118,국립제주박물관,2021-04-29,3
119,국립제주박물관,2021-04-30,1
120,국립제주박물관,2021-05-01,2
121,국립제주박물관,2021-05-02,4
122,국립제주박물관,2021-05-03,5
123,국립제주박물관,2021-05-04,0
124,국립제주박물관,2021-05-05,2
125,국립제주박물관,2021-05-06,2
126,국립제주박물관,2021-05-07,7
127,국립제주박물관,2021-05-08,1
128,국립제주박물관,2021-05-09,2
129,국립제주박물관,2021-05-10,1
130,국립제주박물관,2021-05-11,5
131,국립제주박물관,2021-05-12,3
132,국립제주박물관,2021-05-13,2
133,국립제주박물관,2021-05-14,5
134,국립제주박물관,2021-05-15,0
135,국립제주박물관,2021-05-16,1
136,국립제주박물관,2021-05-17,0
137,국립제주박물관,2021-05-18,3
138,국립제주박물관,2021-05-19,1
139,국립제주박물관,2021-05-20,5
140,국립제주박물관,2021-05-21,2
141,국립제주박물관,2021-05-22,2
142,국립제주박물관,2021-05-23,3
143,국립제주박물관,2021-05-24,2
144,국립제주박물관,2021-05-25,5
145,국립제주박물관,2021-05-26,4
146,국립제주박물관,2021-05-27,3
147,국립제주박물관,2021-05-28,6
148,국립제주박물관,2021-05-29,1
149,국립제주박물관,2021-05-30,1
150,국립제주박물관,2021-05-31,0
151,국립제주박물관,2021-06-01,4
152,국립제주박물관,2021-06-02,3
153,국립제주박물관,2021-06-03,0
154,국립제주박물관,2021-06-04,5
155,국립제주박물관,2021-06-05,1
156,국립제주박물관,2021-06-06,1
157,국립제주박물관,2021-06-07,2
158,국립제주박물관,2021-06-08,1
159,국립제주박물관,2021-06-09,2
160,국립제주박물관,2021-06-10,1
161,국립제주박물관,2021-06-11,0
162,국립제주박물관,2021-06-12,0
163,국립제주박물관,2021-06-13,0
164,국립제주박물관,2021-06-14,3
165,국립제주박물관,2021-06-15,6
166,국립제주박물관,2021-06-16,4
167,국립제주박물관,2021-06-17,3
168,국립제주박물관,2021-06-18,5
169,국립제주박물관,2021-06-19,4
170,국립제주박물관,2021-06-20,1
171,국립제주박물관,2021-06-21,4
172,국립제주박물관,2021-06-22,4
173,국립제주박물관,2021-06-23,3
174,국립제주박물관,2021-06-24,3
175,국립제주박물관,2021-06-25,3
176,국립제주박물관,2021-06-26,0
177,국립제주박물관,2021-06-27,0
178,국립제주박물관,2021-06-28,0
179,국립제주박물관,2021-06-29,2
180,국립제주박물관,2021-06-30,1
181,국립제주박물관,2021-07-01,0
182,국립제주박물관,2021-07-02,5
183,국립제주박물관,2021-07-03,2
184,국립제주박물관,2021-07-04,2
185,국립제주박물관,2021-07-05,1
186,국립제주박물관,2021-07-06,1
187,국립제주박물관,2021-07-07,8
188,국립제주박물관,2021-07-08,2
189,국립제주박물관,2021-07-09,2
190,국립제주박물관,2021-07-10,2
191,국립제주박물관,2021-07-11,4
192,국립제주박물관,2021-07-12,0
193,국립제주박물관,2021-07-13,2
194,국립제주박물관,2021-07-14,1
195,국립제주박물관,2021-07-15,1
196,국립제주박물관,2021-07-16,3
197,국립제주박물관,2021-07-17,2
198,국립제주박물관,2021-07-18,5
199,국립제주박물관,2021-07-19,2
200,국립제주박물관,2021-07-20,1
201,국립제주박물관,2021-07-21,3
202,국립제주박물관,2021-07-22,4
203,국립제주박물관,2021-07-23,5
204,국립제주박물관,2021-07-24,3
205,국립제주박물관,2021-07-25,3
206,국립제주박물관,2021-07-26,3
207,국립제주박물관,2021-07-27,3
208,국립제주박물관,2021-07-28,1
209,국립제주박물관,2021-07-29,2
210,국립제주박물관,2021-07-30,1
211,국립제주박물관,2021-07-31,3
212,국립제주박물관,2021-08-01,3
213,국립제주박물관,2021-08-02,3
214,국립제주박물관,2021-08-03,2
215,국립제주박물관,2021-08-04,2
216,국립제주박물관,2021-08-05,2
217,국립제주박물관,2021-08-06,2
218,국립제주박물관,2021-08-07,5
219,국립제주박물관,2021-08-08,5
220,국립제주박물관,2021-08-09,4
221,국립제주박물관,2021-08-10,3
222,국립제주박물관,2021-08-11,2
223,국립제주박물관,2021-08-12,2
224,국립제주박물관,2021-08-13,4
225,국립제주박물관,2021-08-14,4
226,국립제주박물관,2021-08-15,2
227,국립제주박물관,2021-08-16,4
228,국립제주박물관,2021-08-17,2
229,국립제주박물관,2021-08-18,2
230,국립제주박물관,2021-08-19,4
231,국립제주박물관,2021-08-20,3
232,국립제주박물관,2021-08-21,5
233,국립제주박물관,2021-08-22,2
234,국립제주박물관,2021-08-23,2
235,국립제주박물관,2021-08-24,2
236,국립제주박물관,2021-08-25,4
237,국립제주박물관,2021-08-26,4
238,국립제주박물관,2021-08-27,3
239,국립제주박물관,2021-08-28,3
240,국립제주박물관,2021-08-29,2
241,국립제주박물관,2021-08-30,4
242,국립제주박물관,2021-08-31,1
243,국립제주박물관,2021-09-01,1
244,국립제주박물관,2021-09-02,4
245,국립제주박물관,2021-09-03,0
246,국립제주박물관,2021-09-04,0
247,국립제주박물관,2021-09-05,1
248,국립제주박물관,2021-09-06,1
249,국립제주박물관,2021-09-07,1
250,국립제주박물관,2021-09-08,2
251,국립제주박물관,2021-09-09,0
252,국립제주박물관,2021-09-10,1
253,국립제주박물관,2021-09-11,2
254,국립제주박물관,2021-09-12,0
255,국립제주박물관,2021-09-13,5
256,국립제주박물관,2021-09-14,0
257,국립제주박물관,2021-09-15,3
258,국립제주박물관,2021-09-16,3
259,국립제주박물관,2021-09-17,5
260,국립제주박물관,2021-09-18,1
261,국립제주박물관,2021-09-19,1
262,국립제주박물관,2021-09-20,3
263,국립제주박물관,2021-09-21,3
264,국립제주박물관,2021-09-22,2
265,국립제주박물관,2021-09-23,3
266,국립제주박물관,2021-09-24,5
267,국립제주박물관,2021-09-25,8
268,국립제주박물관,2021-09-26,2
269,국립제주박물관,2021-09-27,5
270,국립제주박물관,2021-09-28,1
271,국립제주박물관,2021-09-29,2
272,국립제주박물관,2021-09-30,4
273,국립제주박물관,2021-10-01,2
274,국립제주박물관,2021-10-02,4
275,국립제주박물관,2021-10-03,0
276,국립제주박물관,2021-10-04,5
277,국립제주박물관,2021-10-05,0
278,국립제주박물관,2021-10-06,3
279,국립제주박물관,2021-10-07,3
280,국립제주박물관,2021-10-08,2
281,국립제주박물관,2021-10-09,3
282,국립제주박물관,2021-10-10,2
283,국립제주박물관,2021-10-11,4
284,국립제주박물관,2021-10-12,2
285,국립제주박물관,2021-10-13,2
286,국립제주박물관,2021-10-14,1
287,국립제주박물관,2021-10-15,3
288,국립제주박물관,2021-10-16,2
289,국립제주박물관,2021-10-17,1
290,국립제주박물관,2021-10-18,7
291,국립제주박물관,2021-10-19,5
292,국립제주박물관,2021-10-20,5
293,국립제주박물관,2021-10-21,3
294,국립제주박물관,2021-10-22,3
295,국립제주박물관,2021-10-23,2
296,국립제주박물관,2021-10-24,2
297,국립제주박물관,2021-10-25,5
298,국립제주박물관,2021-10-26,6
299,국립제주박물관,2021-10-27,2
300,국립제주박물관,2021-10-28,3
301,국립제주박물관,2021-10-29,3
302,국립제주박물관,2021-10-30,1
303,국립제주박물관,2021-10-31,2
304,국립제주박물관,2021-11-01,2
305,국립제주박물관,2021-11-02,1
306,국립제주박물관,2021-11-03,1
307,국립제주박물관,2021-11-04,4
308,국립제주박물관,2021-11-05,2
309,국립제주박물관,2021-11-06,4
310,국립제주박물관,2021-11-07,1
311,국립제주박물관,2021-11-08,1
312,국립제주박물관,2021-11-09,1
313,국립제주박물관,2021-11-10,3
314,국립제주박물관,2021-11-11,3
315,국립제주박물관,2021-11-12,1
316,국립제주박물관,2021-11-13,1
317,국립제주박물관,2021-11-14,2
318,국립제주박물관,2021-11-15,2
319,국립제주박물관,2021-11-16,4
320,국립제주박물관,2021-11-17,0
321,국립제주박물관,2021-11-18,4
322,국립제주박물관,2021-11-19,1
323,국립제주박물관,2021-11-20,1
324,국립제주박물관,2021-11-21,3
325,국립제주박물관,2021-11-22,1
326,국립제주박물관,2021-11-23,0
327,국립제주박물관,2021-11-24,2
328,국립제주박물관,2021-11-25,7
329,국립제주박물관,2021-11-26,8
330,국립제주박물관,2021-11-27,1
331,국립제주박물관,2021-11-28,2
332,국립제주박물관,2021-11-29,3
333,국립제주박물관,2021-11-30,2
334,국립제주박물관,2021-12-01,5
335,국립제주박물관,2021-12-02,1
336,국립제주박물관,2021-12-03,5
337,국립제주박물관,2021-12-04,5
338,국립제주박물관,2021-12-05,1
339,국립제주박물관,2021-12-06,4
340,국립제주박물관,2021-12-07,3
341,국립제주박물관,2021-12-08,4
342,국립제주박물관,2021-12-09,4
343,국립제주박물관,2021-12-10,3
344,국립제주박물관,2021-12-11,2
345,국립제주박물관,2021-12-12,8
346,국립제주박물관,2021-12-13,3
347,국립제주박물관,2021-12-14,2
348,국립제주박물관,2021-12-15,4
349,국립제주박물관,2021-12-16,3
350,국립제주박물관,2021-12-17,4
351,국립제주박물관,2021-12-18,4
352,국립제주박물관,2021-12-19,5
353,국립제주박물관,2021-12-20,5
354,국립제주박물관,2021-12-21,4
355,국립제주박물관,2021-12-22,5
356,국립제주박물관,2021-12-23,2
357,국립제주박물관,2021-12-24,8
358,국립제주박물관,2021-12-25,5
359,국립제주박물관,2021-12-26,2
360,국립제주박물관,2021-12-27,8
361,국립제주박물관,2021-12-28,5
362,국립제주박물관,2021-12-29,5
363,국립제주박물관,2021-12-30,1
364,국립제주박물관,2021-12-31,3
