,관광지,날짜,버즈량
0,카멜리아힐,2021-01-01,20
1,카멜리아힐,2021-01-02,27
2,카멜리아힐,2021-01-03,24
3,카멜리아힐,2021-01-04,35
4,카멜리아힐,2021-01-05,42
5,카멜리아힐,2021-01-06,50
6,카멜리아힐,2021-01-07,33
7,카멜리아힐,2021-01-08,37
8,카멜리아힐,2021-01-09,22
9,카멜리아힐,2021-01-10,36
10,카멜리아힐,2021-01-11,42
11,카멜리아힐,2021-01-12,40
12,카멜리아힐,2021-01-13,36
13,카멜리아힐,2021-01-14,31
14,카멜리아힐,2021-01-15,28
15,카멜리아힐,2021-01-16,27
16,카멜리아힐,2021-01-17,21
17,카멜리아힐,2021-01-18,29
18,카멜리아힐,2021-01-19,28
19,카멜리아힐,2021-01-20,30
20,카멜리아힐,2021-01-21,28
21,카멜리아힐,2021-01-22,43
22,카멜리아힐,2021-01-23,24
23,카멜리아힐,2021-01-24,23
24,카멜리아힐,2021-01-25,30
25,카멜리아힐,2021-01-26,23
26,카멜리아힐,2021-01-27,19
27,카멜리아힐,2021-01-28,45
28,카멜리아힐,2021-01-29,51
29,카멜리아힐,2021-01-30,22
30,카멜리아힐,2021-01-31,31
31,카멜리아힐,2021-02-01,32
32,카멜리아힐,2021-02-02,44
33,카멜리아힐,2021-02-03,46
34,카멜리아힐,2021-02-04,26
35,카멜리아힐,2021-02-05,37
36,카멜리아힐,2021-02-06,25
37,카멜리아힐,2021-02-07,22
38,카멜리아힐,2021-02-08,20
39,카멜리아힐,2021-02-09,22
40,카멜리아힐,2021-02-10,29
41,카멜리아힐,2021-02-11,21
42,카멜리아힐,2021-02-12,15
43,카멜리아힐,2021-02-13,14
44,카멜리아힐,2021-02-14,21
45,카멜리아힐,2021-02-15,29
46,카멜리아힐,2021-02-16,29
47,카멜리아힐,2021-02-17,29
48,카멜리아힐,2021-02-18,35
49,카멜리아힐,2021-02-19,31
50,카멜리아힐,2021-02-20,27
51,카멜리아힐,2021-02-21,22
52,카멜리아힐,2021-02-22,26
53,카멜리아힐,2021-02-23,34
54,카멜리아힐,2021-02-24,33
55,카멜리아힐,2021-02-25,44
56,카멜리아힐,2021-02-26,25
57,카멜리아힐,2021-02-27,33
58,카멜리아힐,2021-02-28,21
59,카멜리아힐,2021-03-01,37
60,카멜리아힐,2021-03-02,34
61,카멜리아힐,2021-03-03,27
62,카멜리아힐,2021-03-04,32
63,카멜리아힐,2021-03-05,28
64,카멜리아힐,2021-03-06,32
65,카멜리아힐,2021-03-07,26
66,카멜리아힐,2021-03-08,35
67,카멜리아힐,2021-03-09,28
68,카멜리아힐,2021-03-10,36
69,카멜리아힐,2021-03-11,30
70,카멜리아힐,2021-03-12,30
71,카멜리아힐,2021-03-13,20
72,카멜리아힐,2021-03-14,19
73,카멜리아힐,2021-03-15,48
74,카멜리아힐,2021-03-16,43
75,카멜리아힐,2021-03-17,47
76,카멜리아힐,2021-03-18,60
77,카멜리아힐,2021-03-19,45
78,카멜리아힐,2021-03-20,27
79,카멜리아힐,2021-03-21,34
80,카멜리아힐,2021-03-22,30
81,카멜리아힐,2021-03-23,36
82,카멜리아힐,2021-03-24,27
83,카멜리아힐,2021-03-25,30
84,카멜리아힐,2021-03-26,22
85,카멜리아힐,2021-03-27,21
86,카멜리아힐,2021-03-28,26
87,카멜리아힐,2021-03-29,31
88,카멜리아힐,2021-03-30,27
89,카멜리아힐,2021-03-31,34
90,카멜리아힐,2021-04-01,26
91,카멜리아힐,2021-04-02,24
92,카멜리아힐,2021-04-03,26
93,카멜리아힐,2021-04-04,21
94,카멜리아힐,2021-04-05,27
95,카멜리아힐,2021-04-06,46
96,카멜리아힐,2021-04-07,35
97,카멜리아힐,2021-04-08,21
98,카멜리아힐,2021-04-09,29
99,카멜리아힐,2021-04-10,28
100,카멜리아힐,2021-04-11,25
101,카멜리아힐,2021-04-12,35
102,카멜리아힐,2021-04-13,32
103,카멜리아힐,2021-04-14,33
104,카멜리아힐,2021-04-15,39
105,카멜리아힐,2021-04-16,32
106,카멜리아힐,2021-04-17,23
107,카멜리아힐,2021-04-18,31
108,카멜리아힐,2021-04-19,37
109,카멜리아힐,2021-04-20,37
110,카멜리아힐,2021-04-21,35
111,카멜리아힐,2021-04-22,42
112,카멜리아힐,2021-04-23,37
113,카멜리아힐,2021-04-24,35
114,카멜리아힐,2021-04-25,28
115,카멜리아힐,2021-04-26,29
116,카멜리아힐,2021-04-27,33
117,카멜리아힐,2021-04-28,36
118,카멜리아힐,2021-04-29,35
119,카멜리아힐,2021-04-30,33
120,카멜리아힐,2021-05-01,30
121,카멜리아힐,2021-05-02,34
122,카멜리아힐,2021-05-03,62
123,카멜리아힐,2021-05-04,42
124,카멜리아힐,2021-05-05,31
125,카멜리아힐,2021-05-06,36
126,카멜리아힐,2021-05-07,30
127,카멜리아힐,2021-05-08,31
128,카멜리아힐,2021-05-09,32
129,카멜리아힐,2021-05-10,46
130,카멜리아힐,2021-05-11,36
131,카멜리아힐,2021-05-12,40
132,카멜리아힐,2021-05-13,38
133,카멜리아힐,2021-05-14,37
134,카멜리아힐,2021-05-15,35
135,카멜리아힐,2021-05-16,41
136,카멜리아힐,2021-05-17,34
137,카멜리아힐,2021-05-18,42
138,카멜리아힐,2021-05-19,25
139,카멜리아힐,2021-05-20,33
140,카멜리아힐,2021-05-21,33
141,카멜리아힐,2021-05-22,29
142,카멜리아힐,2021-05-23,40
143,카멜리아힐,2021-05-24,52
144,카멜리아힐,2021-05-25,54
145,카멜리아힐,2021-05-26,53
146,카멜리아힐,2021-05-27,64
147,카멜리아힐,2021-05-28,64
148,카멜리아힐,2021-05-29,51
149,카멜리아힐,2021-05-30,54
150,카멜리아힐,2021-05-31,64
151,카멜리아힐,2021-06-01,51
152,카멜리아힐,2021-06-02,72
153,카멜리아힐,2021-06-03,59
154,카멜리아힐,2021-06-04,32
155,카멜리아힐,2021-06-05,36
156,카멜리아힐,2021-06-06,41
157,카멜리아힐,2021-06-07,45
158,카멜리아힐,2021-06-08,50
159,카멜리아힐,2021-06-09,64
160,카멜리아힐,2021-06-10,55
161,카멜리아힐,2021-06-11,54
162,카멜리아힐,2021-06-12,43
163,카멜리아힐,2021-06-13,56
164,카멜리아힐,2021-06-14,44
165,카멜리아힐,2021-06-15,53
166,카멜리아힐,2021-06-16,60
167,카멜리아힐,2021-06-17,52
168,카멜리아힐,2021-06-18,59
169,카멜리아힐,2021-06-19,52
170,카멜리아힐,2021-06-20,37
171,카멜리아힐,2021-06-21,56
172,카멜리아힐,2021-06-22,61
173,카멜리아힐,2021-06-23,50
174,카멜리아힐,2021-06-24,54
175,카멜리아힐,2021-06-25,58
176,카멜리아힐,2021-06-26,50
177,카멜리아힐,2021-06-27,37
178,카멜리아힐,2021-06-28,67
179,카멜리아힐,2021-06-29,61
180,카멜리아힐,2021-06-30,60
181,카멜리아힐,2021-07-01,57
182,카멜리아힐,2021-07-02,46
183,카멜리아힐,2021-07-03,55
184,카멜리아힐,2021-07-04,44
185,카멜리아힐,2021-07-05,45
186,카멜리아힐,2021-07-06,58
187,카멜리아힐,2021-07-07,45
188,카멜리아힐,2021-07-08,61
189,카멜리아힐,2021-07-09,42
190,카멜리아힐,2021-07-10,41
191,카멜리아힐,2021-07-11,41
192,카멜리아힐,2021-07-12,39
193,카멜리아힐,2021-07-13,46
194,카멜리아힐,2021-07-14,46
195,카멜리아힐,2021-07-15,42
196,카멜리아힐,2021-07-16,58
197,카멜리아힐,2021-07-17,41
198,카멜리아힐,2021-07-18,42
199,카멜리아힐,2021-07-19,30
200,카멜리아힐,2021-07-20,42
201,카멜리아힐,2021-07-21,34
202,카멜리아힐,2021-07-22,33
203,카멜리아힐,2021-07-23,33
204,카멜리아힐,2021-07-24,24
205,카멜리아힐,2021-07-25,29
206,카멜리아힐,2021-07-26,31
207,카멜리아힐,2021-07-27,33
208,카멜리아힐,2021-07-28,43
209,카멜리아힐,2021-07-29,30
210,카멜리아힐,2021-07-30,29
211,카멜리아힐,2021-07-31,25
212,카멜리아힐,2021-08-01,28
213,카멜리아힐,2021-08-02,32
214,카멜리아힐,2021-08-03,28
215,카멜리아힐,2021-08-04,30
216,카멜리아힐,2021-08-05,20
217,카멜리아힐,2021-08-06,22
218,카멜리아힐,2021-08-07,24
219,카멜리아힐,2021-08-08,32
220,카멜리아힐,2021-08-09,20
221,카멜리아힐,2021-08-10,22
222,카멜리아힐,2021-08-11,32
223,카멜리아힐,2021-08-12,24
224,카멜리아힐,2021-08-13,18
225,카멜리아힐,2021-08-14,96486
226,카멜리아힐,2021-08-15,25
227,카멜리아힐,2021-08-16,22
228,카멜리아힐,2021-08-17,24
229,카멜리아힐,2021-08-18,27
230,카멜리아힐,2021-08-19,27
231,카멜리아힐,2021-08-20,25
232,카멜리아힐,2021-08-21,22
233,카멜리아힐,2021-08-22,21
234,카멜리아힐,2021-08-23,27
235,카멜리아힐,2021-08-24,24
236,카멜리아힐,2021-08-25,25
237,카멜리아힐,2021-08-26,26
238,카멜리아힐,2021-08-27,24
239,카멜리아힐,2021-08-28,22
240,카멜리아힐,2021-08-29,12
241,카멜리아힐,2021-08-30,27
242,카멜리아힐,2021-08-31,22
243,카멜리아힐,2021-09-01,29
244,카멜리아힐,2021-09-02,18
245,카멜리아힐,2021-09-03,22
246,카멜리아힐,2021-09-04,13
247,카멜리아힐,2021-09-05,14
248,카멜리아힐,2021-09-06,13
249,카멜리아힐,2021-09-07,24
250,카멜리아힐,2021-09-08,26
251,카멜리아힐,2021-09-09,22
252,카멜리아힐,2021-09-10,23
253,카멜리아힐,2021-09-11,11
254,카멜리아힐,2021-09-12,22
255,카멜리아힐,2021-09-13,24
256,카멜리아힐,2021-09-14,30
257,카멜리아힐,2021-09-15,11
258,카멜리아힐,2021-09-16,20
259,카멜리아힐,2021-09-17,16
260,카멜리아힐,2021-09-18,14
261,카멜리아힐,2021-09-19,22
262,카멜리아힐,2021-09-20,19
263,카멜리아힐,2021-09-21,7
264,카멜리아힐,2021-09-22,12
265,카멜리아힐,2021-09-23,25
266,카멜리아힐,2021-09-24,22
267,카멜리아힐,2021-09-25,33
268,카멜리아힐,2021-09-26,24
269,카멜리아힐,2021-09-27,34
270,카멜리아힐,2021-09-28,35
271,카멜리아힐,2021-09-29,33
272,카멜리아힐,2021-09-30,37
273,카멜리아힐,2021-10-01,25
274,카멜리아힐,2021-10-02,19
275,카멜리아힐,2021-10-03,24
276,카멜리아힐,2021-10-04,33
277,카멜리아힐,2021-10-05,26
278,카멜리아힐,2021-10-06,20
279,카멜리아힐,2021-10-07,25
280,카멜리아힐,2021-10-08,25
281,카멜리아힐,2021-10-09,35
282,카멜리아힐,2021-10-10,23
283,카멜리아힐,2021-10-11,19
284,카멜리아힐,2021-10-12,44
285,카멜리아힐,2021-10-13,45
286,카멜리아힐,2021-10-14,37
287,카멜리아힐,2021-10-15,35
288,카멜리아힐,2021-10-16,32
289,카멜리아힐,2021-10-17,37
290,카멜리아힐,2021-10-18,34
291,카멜리아힐,2021-10-19,28
292,카멜리아힐,2021-10-20,47
293,카멜리아힐,2021-10-21,41
294,카멜리아힐,2021-10-22,37
295,카멜리아힐,2021-10-23,25
296,카멜리아힐,2021-10-24,42
297,카멜리아힐,2021-10-25,36
298,카멜리아힐,2021-10-26,44
299,카멜리아힐,2021-10-27,41
300,카멜리아힐,2021-10-28,38
301,카멜리아힐,2021-10-29,52
302,카멜리아힐,2021-10-30,36
303,카멜리아힐,2021-10-31,33
304,카멜리아힐,2021-11-01,47
305,카멜리아힐,2021-11-02,34
306,카멜리아힐,2021-11-03,44
307,카멜리아힐,2021-11-04,46
308,카멜리아힐,2021-11-05,28
309,카멜리아힐,2021-11-06,38
310,카멜리아힐,2021-11-07,38
311,카멜리아힐,2021-11-08,41
312,카멜리아힐,2021-11-09,43
313,카멜리아힐,2021-11-10,29
314,카멜리아힐,2021-11-11,48
315,카멜리아힐,2021-11-12,41
316,카멜리아힐,2021-11-13,31
317,카멜리아힐,2021-11-14,31
318,카멜리아힐,2021-11-15,52
319,카멜리아힐,2021-11-16,44
320,카멜리아힐,2021-11-17,46
321,카멜리아힐,2021-11-18,40
322,카멜리아힐,2021-11-19,41
323,카멜리아힐,2021-11-20,26
324,카멜리아힐,2021-11-21,42
325,카멜리아힐,2021-11-22,56
326,카멜리아힐,2021-11-23,50
327,카멜리아힐,2021-11-24,57
328,카멜리아힐,2021-11-25,60
329,카멜리아힐,2021-11-26,46
330,카멜리아힐,2021-11-27,50
331,카멜리아힐,2021-11-28,58
332,카멜리아힐,2021-11-29,65
333,카멜리아힐,2021-11-30,53
334,카멜리아힐,2021-12-01,61
335,카멜리아힐,2021-12-02,75
336,카멜리아힐,2021-12-03,62
337,카멜리아힐,2021-12-04,38
338,카멜리아힐,2021-12-05,55
339,카멜리아힐,2021-12-06,63
340,카멜리아힐,2021-12-07,58
341,카멜리아힐,2021-12-08,69
342,카멜리아힐,2021-12-09,61
343,카멜리아힐,2021-12-10,56
344,카멜리아힐,2021-12-11,41
345,카멜리아힐,2021-12-12,58
346,카멜리아힐,2021-12-13,79
347,카멜리아힐,2021-12-14,71
348,카멜리아힐,2021-12-15,71
349,카멜리아힐,2021-12-16,61
350,카멜리아힐,2021-12-17,57
351,카멜리아힐,2021-12-18,43
352,카멜리아힐,2021-12-19,49
353,카멜리아힐,2021-12-20,73
354,카멜리아힐,2021-12-21,67
355,카멜리아힐,2021-12-22,61
356,카멜리아힐,2021-12-23,71
357,카멜리아힐,2021-12-24,75
358,카멜리아힐,2021-12-25,59
359,카멜리아힐,2021-12-26,65
360,카멜리아힐,2021-12-27,66
361,카멜리아힐,2021-12-28,46
362,카멜리아힐,2021-12-29,74
363,카멜리아힐,2021-12-30,69
364,카멜리아힐,2021-12-31,79
