﻿,관광지,날짜,버즈량
0,김영갑갤러리두모악,2021-01-01,2
1,김영갑갤러리두모악,2021-01-02,1
2,김영갑갤러리두모악,2021-01-03,1
3,김영갑갤러리두모악,2021-01-04,2
4,김영갑갤러리두모악,2021-01-05,4
5,김영갑갤러리두모악,2021-01-06,2
6,김영갑갤러리두모악,2021-01-07,0
7,김영갑갤러리두모악,2021-01-08,2
8,김영갑갤러리두모악,2021-01-09,1
9,김영갑갤러리두모악,2021-01-10,2
10,김영갑갤러리두모악,2021-01-11,1
11,김영갑갤러리두모악,2021-01-12,4
12,김영갑갤러리두모악,2021-01-13,1
13,김영갑갤러리두모악,2021-01-14,1
14,김영갑갤러리두모악,2021-01-15,0
15,김영갑갤러리두모악,2021-01-16,1
16,김영갑갤러리두모악,2021-01-17,3
17,김영갑갤러리두모악,2021-01-18,1
18,김영갑갤러리두모악,2021-01-19,0
19,김영갑갤러리두모악,2021-01-20,2
20,김영갑갤러리두모악,2021-01-21,1
21,김영갑갤러리두모악,2021-01-22,0
22,김영갑갤러리두모악,2021-01-23,4
23,김영갑갤러리두모악,2021-01-24,0
24,김영갑갤러리두모악,2021-01-25,2
25,김영갑갤러리두모악,2021-01-26,1
26,김영갑갤러리두모악,2021-01-27,1
27,김영갑갤러리두모악,2021-01-28,2
28,김영갑갤러리두모악,2021-01-29,2
29,김영갑갤러리두모악,2021-01-30,2
30,김영갑갤러리두모악,2021-01-31,1
31,김영갑갤러리두모악,2021-02-01,2
32,김영갑갤러리두모악,2021-02-02,1
33,김영갑갤러리두모악,2021-02-03,3
34,김영갑갤러리두모악,2021-02-04,1
35,김영갑갤러리두모악,2021-02-05,0
36,김영갑갤러리두모악,2021-02-06,0
37,김영갑갤러리두모악,2021-02-07,3
38,김영갑갤러리두모악,2021-02-08,3
39,김영갑갤러리두모악,2021-02-09,1
40,김영갑갤러리두모악,2021-02-10,2
41,김영갑갤러리두모악,2021-02-11,3
42,김영갑갤러리두모악,2021-02-12,1
43,김영갑갤러리두모악,2021-02-13,2
44,김영갑갤러리두모악,2021-02-14,0
45,김영갑갤러리두모악,2021-02-15,2
46,김영갑갤러리두모악,2021-02-16,2
47,김영갑갤러리두모악,2021-02-17,1
48,김영갑갤러리두모악,2021-02-18,3
49,김영갑갤러리두모악,2021-02-19,3
50,김영갑갤러리두모악,2021-02-20,0
51,김영갑갤러리두모악,2021-02-21,2
52,김영갑갤러리두모악,2021-02-22,2
53,김영갑갤러리두모악,2021-02-23,5
54,김영갑갤러리두모악,2021-02-24,0
55,김영갑갤러리두모악,2021-02-25,1
56,김영갑갤러리두모악,2021-02-26,3
57,김영갑갤러리두모악,2021-02-27,1
58,김영갑갤러리두모악,2021-02-28,0
59,김영갑갤러리두모악,2021-03-01,1
60,김영갑갤러리두모악,2021-03-02,3
61,김영갑갤러리두모악,2021-03-03,3
62,김영갑갤러리두모악,2021-03-04,3
63,김영갑갤러리두모악,2021-03-05,1
64,김영갑갤러리두모악,2021-03-06,3
65,김영갑갤러리두모악,2021-03-07,1
66,김영갑갤러리두모악,2021-03-08,1
67,김영갑갤러리두모악,2021-03-09,3
68,김영갑갤러리두모악,2021-03-10,2
69,김영갑갤러리두모악,2021-03-11,0
70,김영갑갤러리두모악,2021-03-12,7
71,김영갑갤러리두모악,2021-03-13,1
72,김영갑갤러리두모악,2021-03-14,2
73,김영갑갤러리두모악,2021-03-15,1
74,김영갑갤러리두모악,2021-03-16,2
75,김영갑갤러리두모악,2021-03-17,2
76,김영갑갤러리두모악,2021-03-18,4
77,김영갑갤러리두모악,2021-03-19,1
78,김영갑갤러리두모악,2021-03-20,1
79,김영갑갤러리두모악,2021-03-21,6
80,김영갑갤러리두모악,2021-03-22,4
81,김영갑갤러리두모악,2021-03-23,3
82,김영갑갤러리두모악,2021-03-24,0
83,김영갑갤러리두모악,2021-03-25,2
84,김영갑갤러리두모악,2021-03-26,1
85,김영갑갤러리두모악,2021-03-27,2
86,김영갑갤러리두모악,2021-03-28,6
87,김영갑갤러리두모악,2021-03-29,2
88,김영갑갤러리두모악,2021-03-30,2
89,김영갑갤러리두모악,2021-03-31,2
90,김영갑갤러리두모악,2021-04-01,5
91,김영갑갤러리두모악,2021-04-02,1
92,김영갑갤러리두모악,2021-04-03,1
93,김영갑갤러리두모악,2021-04-04,2
94,김영갑갤러리두모악,2021-04-05,2
95,김영갑갤러리두모악,2021-04-06,1
96,김영갑갤러리두모악,2021-04-07,2
97,김영갑갤러리두모악,2021-04-08,3
98,김영갑갤러리두모악,2021-04-09,2
99,김영갑갤러리두모악,2021-04-10,3
100,김영갑갤러리두모악,2021-04-11,3
101,김영갑갤러리두모악,2021-04-12,3
102,김영갑갤러리두모악,2021-04-13,2
103,김영갑갤러리두모악,2021-04-14,2
104,김영갑갤러리두모악,2021-04-15,3
105,김영갑갤러리두모악,2021-04-16,4
106,김영갑갤러리두모악,2021-04-17,1
107,김영갑갤러리두모악,2021-04-18,4
108,김영갑갤러리두모악,2021-04-19,2
109,김영갑갤러리두모악,2021-04-20,1
110,김영갑갤러리두모악,2021-04-21,3
111,김영갑갤러리두모악,2021-04-22,0
112,김영갑갤러리두모악,2021-04-23,3
113,김영갑갤러리두모악,2021-04-24,2
114,김영갑갤러리두모악,2021-04-25,4
115,김영갑갤러리두모악,2021-04-26,2
116,김영갑갤러리두모악,2021-04-27,5
117,김영갑갤러리두모악,2021-04-28,3
118,김영갑갤러리두모악,2021-04-29,2
119,김영갑갤러리두모악,2021-04-30,2
120,김영갑갤러리두모악,2021-05-01,5
121,김영갑갤러리두모악,2021-05-02,3
122,김영갑갤러리두모악,2021-05-03,5
123,김영갑갤러리두모악,2021-05-04,3
124,김영갑갤러리두모악,2021-05-05,1
125,김영갑갤러리두모악,2021-05-06,0
126,김영갑갤러리두모악,2021-05-07,1
127,김영갑갤러리두모악,2021-05-08,0
128,김영갑갤러리두모악,2021-05-09,1
129,김영갑갤러리두모악,2021-05-10,5
130,김영갑갤러리두모악,2021-05-11,3
131,김영갑갤러리두모악,2021-05-12,6
132,김영갑갤러리두모악,2021-05-13,0
133,김영갑갤러리두모악,2021-05-14,5
134,김영갑갤러리두모악,2021-05-15,2
135,김영갑갤러리두모악,2021-05-16,1
136,김영갑갤러리두모악,2021-05-17,0
137,김영갑갤러리두모악,2021-05-18,4
138,김영갑갤러리두모악,2021-05-19,1
139,김영갑갤러리두모악,2021-05-20,2
140,김영갑갤러리두모악,2021-05-21,3
141,김영갑갤러리두모악,2021-05-22,0
142,김영갑갤러리두모악,2021-05-23,3
143,김영갑갤러리두모악,2021-05-24,3
144,김영갑갤러리두모악,2021-05-25,5
145,김영갑갤러리두모악,2021-05-26,4
146,김영갑갤러리두모악,2021-05-27,2
147,김영갑갤러리두모악,2021-05-28,6
148,김영갑갤러리두모악,2021-05-29,6
149,김영갑갤러리두모악,2021-05-30,2
150,김영갑갤러리두모악,2021-05-31,4
151,김영갑갤러리두모악,2021-06-01,3
152,김영갑갤러리두모악,2021-06-02,0
153,김영갑갤러리두모악,2021-06-03,2
154,김영갑갤러리두모악,2021-06-04,2
155,김영갑갤러리두모악,2021-06-05,1
156,김영갑갤러리두모악,2021-06-06,2
157,김영갑갤러리두모악,2021-06-07,4
158,김영갑갤러리두모악,2021-06-08,3
159,김영갑갤러리두모악,2021-06-09,1
160,김영갑갤러리두모악,2021-06-10,1
161,김영갑갤러리두모악,2021-06-11,3
162,김영갑갤러리두모악,2021-06-12,2
163,김영갑갤러리두모악,2021-06-13,2
164,김영갑갤러리두모악,2021-06-14,1
165,김영갑갤러리두모악,2021-06-15,1
166,김영갑갤러리두모악,2021-06-16,3
167,김영갑갤러리두모악,2021-06-17,2
168,김영갑갤러리두모악,2021-06-18,2
169,김영갑갤러리두모악,2021-06-19,1
170,김영갑갤러리두모악,2021-06-20,1
171,김영갑갤러리두모악,2021-06-21,2
172,김영갑갤러리두모악,2021-06-22,2
173,김영갑갤러리두모악,2021-06-23,3
174,김영갑갤러리두모악,2021-06-24,1
175,김영갑갤러리두모악,2021-06-25,1
176,김영갑갤러리두모악,2021-06-26,2
177,김영갑갤러리두모악,2021-06-27,2
178,김영갑갤러리두모악,2021-06-28,2
179,김영갑갤러리두모악,2021-06-29,2
180,김영갑갤러리두모악,2021-06-30,5
181,김영갑갤러리두모악,2021-07-01,1
182,김영갑갤러리두모악,2021-07-02,0
183,김영갑갤러리두모악,2021-07-03,2
184,김영갑갤러리두모악,2021-07-04,1
185,김영갑갤러리두모악,2021-07-05,3
186,김영갑갤러리두모악,2021-07-06,5
187,김영갑갤러리두모악,2021-07-07,4
188,김영갑갤러리두모악,2021-07-08,2
189,김영갑갤러리두모악,2021-07-09,3
190,김영갑갤러리두모악,2021-07-10,2
191,김영갑갤러리두모악,2021-07-11,4
192,김영갑갤러리두모악,2021-07-12,1
193,김영갑갤러리두모악,2021-07-13,3
194,김영갑갤러리두모악,2021-07-14,1
195,김영갑갤러리두모악,2021-07-15,3
196,김영갑갤러리두모악,2021-07-16,2
197,김영갑갤러리두모악,2021-07-17,0
198,김영갑갤러리두모악,2021-07-18,1
199,김영갑갤러리두모악,2021-07-19,3
200,김영갑갤러리두모악,2021-07-20,1
201,김영갑갤러리두모악,2021-07-21,2
202,김영갑갤러리두모악,2021-07-22,1
203,김영갑갤러리두모악,2021-07-23,1
204,김영갑갤러리두모악,2021-07-24,3
205,김영갑갤러리두모악,2021-07-25,3
206,김영갑갤러리두모악,2021-07-26,2
207,김영갑갤러리두모악,2021-07-27,1
208,김영갑갤러리두모악,2021-07-28,6
209,김영갑갤러리두모악,2021-07-29,2
210,김영갑갤러리두모악,2021-07-30,1
211,김영갑갤러리두모악,2021-07-31,1
212,김영갑갤러리두모악,2021-08-01,4
213,김영갑갤러리두모악,2021-08-02,5
214,김영갑갤러리두모악,2021-08-03,3
215,김영갑갤러리두모악,2021-08-04,2
216,김영갑갤러리두모악,2021-08-05,2
217,김영갑갤러리두모악,2021-08-06,1
218,김영갑갤러리두모악,2021-08-07,3
219,김영갑갤러리두모악,2021-08-08,2
220,김영갑갤러리두모악,2021-08-09,2
221,김영갑갤러리두모악,2021-08-10,1
222,김영갑갤러리두모악,2021-08-11,1
223,김영갑갤러리두모악,2021-08-12,3
224,김영갑갤러리두모악,2021-08-13,2
225,김영갑갤러리두모악,2021-08-14,3
226,김영갑갤러리두모악,2021-08-15,1
227,김영갑갤러리두모악,2021-08-16,5
228,김영갑갤러리두모악,2021-08-17,2
229,김영갑갤러리두모악,2021-08-18,3
230,김영갑갤러리두모악,2021-08-19,0
231,김영갑갤러리두모악,2021-08-20,1
232,김영갑갤러리두모악,2021-08-21,1
233,김영갑갤러리두모악,2021-08-22,1
234,김영갑갤러리두모악,2021-08-23,4
235,김영갑갤러리두모악,2021-08-24,1
236,김영갑갤러리두모악,2021-08-25,1
237,김영갑갤러리두모악,2021-08-26,3
238,김영갑갤러리두모악,2021-08-27,2
239,김영갑갤러리두모악,2021-08-28,3
240,김영갑갤러리두모악,2021-08-29,1
241,김영갑갤러리두모악,2021-08-30,4
242,김영갑갤러리두모악,2021-08-31,1
243,김영갑갤러리두모악,2021-09-01,5
244,김영갑갤러리두모악,2021-09-02,1
245,김영갑갤러리두모악,2021-09-03,4
246,김영갑갤러리두모악,2021-09-04,4
247,김영갑갤러리두모악,2021-09-05,4
248,김영갑갤러리두모악,2021-09-06,1
249,김영갑갤러리두모악,2021-09-07,3
250,김영갑갤러리두모악,2021-09-08,3
251,김영갑갤러리두모악,2021-09-09,2
252,김영갑갤러리두모악,2021-09-10,2
253,김영갑갤러리두모악,2021-09-11,4
254,김영갑갤러리두모악,2021-09-12,3
255,김영갑갤러리두모악,2021-09-13,3
256,김영갑갤러리두모악,2021-09-14,5
257,김영갑갤러리두모악,2021-09-15,2
258,김영갑갤러리두모악,2021-09-16,1
259,김영갑갤러리두모악,2021-09-17,2
260,김영갑갤러리두모악,2021-09-18,0
261,김영갑갤러리두모악,2021-09-19,3
262,김영갑갤러리두모악,2021-09-20,2
263,김영갑갤러리두모악,2021-09-21,2
264,김영갑갤러리두모악,2021-09-22,1
265,김영갑갤러리두모악,2021-09-23,2
266,김영갑갤러리두모악,2021-09-24,2
267,김영갑갤러리두모악,2021-09-25,4
268,김영갑갤러리두모악,2021-09-26,5
269,김영갑갤러리두모악,2021-09-27,1
270,김영갑갤러리두모악,2021-09-28,3
271,김영갑갤러리두모악,2021-09-29,2
272,김영갑갤러리두모악,2021-09-30,2
273,김영갑갤러리두모악,2021-10-01,3
274,김영갑갤러리두모악,2021-10-02,1
275,김영갑갤러리두모악,2021-10-03,1
276,김영갑갤러리두모악,2021-10-04,3
277,김영갑갤러리두모악,2021-10-05,2
278,김영갑갤러리두모악,2021-10-06,1
279,김영갑갤러리두모악,2021-10-07,3
280,김영갑갤러리두모악,2021-10-08,2
281,김영갑갤러리두모악,2021-10-09,4
282,김영갑갤러리두모악,2021-10-10,2
283,김영갑갤러리두모악,2021-10-11,4
284,김영갑갤러리두모악,2021-10-12,3
285,김영갑갤러리두모악,2021-10-13,3
286,김영갑갤러리두모악,2021-10-14,2
287,김영갑갤러리두모악,2021-10-15,1
288,김영갑갤러리두모악,2021-10-16,3
289,김영갑갤러리두모악,2021-10-17,2
290,김영갑갤러리두모악,2021-10-18,4
291,김영갑갤러리두모악,2021-10-19,4
292,김영갑갤러리두모악,2021-10-20,3
293,김영갑갤러리두모악,2021-10-21,3
294,김영갑갤러리두모악,2021-10-22,4
295,김영갑갤러리두모악,2021-10-23,0
296,김영갑갤러리두모악,2021-10-24,1
297,김영갑갤러리두모악,2021-10-25,2
298,김영갑갤러리두모악,2021-10-26,4
299,김영갑갤러리두모악,2021-10-27,1
300,김영갑갤러리두모악,2021-10-28,1
301,김영갑갤러리두모악,2021-10-29,2
302,김영갑갤러리두모악,2021-10-30,2
303,김영갑갤러리두모악,2021-10-31,1
304,김영갑갤러리두모악,2021-11-01,3
305,김영갑갤러리두모악,2021-11-02,3
306,김영갑갤러리두모악,2021-11-03,2
307,김영갑갤러리두모악,2021-11-04,1
308,김영갑갤러리두모악,2021-11-05,4
309,김영갑갤러리두모악,2021-11-06,4
310,김영갑갤러리두모악,2021-11-07,4
311,김영갑갤러리두모악,2021-11-08,5
312,김영갑갤러리두모악,2021-11-09,2
313,김영갑갤러리두모악,2021-11-10,4
314,김영갑갤러리두모악,2021-11-11,6
315,김영갑갤러리두모악,2021-11-12,4
316,김영갑갤러리두모악,2021-11-13,4
317,김영갑갤러리두모악,2021-11-14,2
318,김영갑갤러리두모악,2021-11-15,4
319,김영갑갤러리두모악,2021-11-16,2
320,김영갑갤러리두모악,2021-11-17,1
321,김영갑갤러리두모악,2021-11-18,1
322,김영갑갤러리두모악,2021-11-19,5
323,김영갑갤러리두모악,2021-11-20,0
324,김영갑갤러리두모악,2021-11-21,4
325,김영갑갤러리두모악,2021-11-22,4
326,김영갑갤러리두모악,2021-11-23,1
327,김영갑갤러리두모악,2021-11-24,2
328,김영갑갤러리두모악,2021-11-25,2
329,김영갑갤러리두모악,2021-11-26,4
330,김영갑갤러리두모악,2021-11-27,4
331,김영갑갤러리두모악,2021-11-28,3
332,김영갑갤러리두모악,2021-11-29,2
333,김영갑갤러리두모악,2021-11-30,1
334,김영갑갤러리두모악,2021-12-01,3
335,김영갑갤러리두모악,2021-12-02,1
336,김영갑갤러리두모악,2021-12-03,2
337,김영갑갤러리두모악,2021-12-04,2
338,김영갑갤러리두모악,2021-12-05,3
339,김영갑갤러리두모악,2021-12-06,3
340,김영갑갤러리두모악,2021-12-07,9
341,김영갑갤러리두모악,2021-12-08,1
342,김영갑갤러리두모악,2021-12-09,1
343,김영갑갤러리두모악,2021-12-10,6
344,김영갑갤러리두모악,2021-12-11,4
345,김영갑갤러리두모악,2021-12-12,1
346,김영갑갤러리두모악,2021-12-13,2
347,김영갑갤러리두모악,2021-12-14,1
348,김영갑갤러리두모악,2021-12-15,3
349,김영갑갤러리두모악,2021-12-16,4
350,김영갑갤러리두모악,2021-12-17,2
351,김영갑갤러리두모악,2021-12-18,2
352,김영갑갤러리두모악,2021-12-19,1
353,김영갑갤러리두모악,2021-12-20,1
354,김영갑갤러리두모악,2021-12-21,0
355,김영갑갤러리두모악,2021-12-22,3
356,김영갑갤러리두모악,2021-12-23,0
357,김영갑갤러리두모악,2021-12-24,0
358,김영갑갤러리두모악,2021-12-25,1
359,김영갑갤러리두모악,2021-12-26,7
360,김영갑갤러리두모악,2021-12-27,2
361,김영갑갤러리두모악,2021-12-28,0
362,김영갑갤러리두모악,2021-12-29,3
363,김영갑갤러리두모악,2021-12-30,3
364,김영갑갤러리두모악,2021-12-31,2
