﻿,관광지,날짜,버즈량
0,붉은오름자연휴양림,2021-01-01,2
1,붉은오름자연휴양림,2021-01-02,3
2,붉은오름자연휴양림,2021-01-03,1
3,붉은오름자연휴양림,2021-01-04,0
4,붉은오름자연휴양림,2021-01-05,2
5,붉은오름자연휴양림,2021-01-06,0
6,붉은오름자연휴양림,2021-01-07,1
7,붉은오름자연휴양림,2021-01-08,2
8,붉은오름자연휴양림,2021-01-09,1
9,붉은오름자연휴양림,2021-01-10,1
10,붉은오름자연휴양림,2021-01-11,2
11,붉은오름자연휴양림,2021-01-12,1
12,붉은오름자연휴양림,2021-01-13,2
13,붉은오름자연휴양림,2021-01-14,2
14,붉은오름자연휴양림,2021-01-15,3
15,붉은오름자연휴양림,2021-01-16,0
16,붉은오름자연휴양림,2021-01-17,1
17,붉은오름자연휴양림,2021-01-18,1
18,붉은오름자연휴양림,2021-01-19,1
19,붉은오름자연휴양림,2021-01-20,0
20,붉은오름자연휴양림,2021-01-21,2
21,붉은오름자연휴양림,2021-01-22,2
22,붉은오름자연휴양림,2021-01-23,0
23,붉은오름자연휴양림,2021-01-24,4
24,붉은오름자연휴양림,2021-01-25,2
25,붉은오름자연휴양림,2021-01-26,3
26,붉은오름자연휴양림,2021-01-27,0
27,붉은오름자연휴양림,2021-01-28,1
28,붉은오름자연휴양림,2021-01-29,0
29,붉은오름자연휴양림,2021-01-30,2
30,붉은오름자연휴양림,2021-01-31,0
31,붉은오름자연휴양림,2021-02-01,0
32,붉은오름자연휴양림,2021-02-02,3
33,붉은오름자연휴양림,2021-02-03,2
34,붉은오름자연휴양림,2021-02-04,3
35,붉은오름자연휴양림,2021-02-05,5
36,붉은오름자연휴양림,2021-02-06,0
37,붉은오름자연휴양림,2021-02-07,2
38,붉은오름자연휴양림,2021-02-08,1
39,붉은오름자연휴양림,2021-02-09,1
40,붉은오름자연휴양림,2021-02-10,0
41,붉은오름자연휴양림,2021-02-11,1
42,붉은오름자연휴양림,2021-02-12,0
43,붉은오름자연휴양림,2021-02-13,1
44,붉은오름자연휴양림,2021-02-14,0
45,붉은오름자연휴양림,2021-02-15,1
46,붉은오름자연휴양림,2021-02-16,4
47,붉은오름자연휴양림,2021-02-17,0
48,붉은오름자연휴양림,2021-02-18,4
49,붉은오름자연휴양림,2021-02-19,3
50,붉은오름자연휴양림,2021-02-20,0
51,붉은오름자연휴양림,2021-02-21,2
52,붉은오름자연휴양림,2021-02-22,1
53,붉은오름자연휴양림,2021-02-23,3
54,붉은오름자연휴양림,2021-02-24,3
55,붉은오름자연휴양림,2021-02-25,3
56,붉은오름자연휴양림,2021-02-26,2
57,붉은오름자연휴양림,2021-02-27,4
58,붉은오름자연휴양림,2021-02-28,3
59,붉은오름자연휴양림,2021-03-01,3
60,붉은오름자연휴양림,2021-03-02,5
61,붉은오름자연휴양림,2021-03-03,0
62,붉은오름자연휴양림,2021-03-04,5
63,붉은오름자연휴양림,2021-03-05,3
64,붉은오름자연휴양림,2021-03-06,3
65,붉은오름자연휴양림,2021-03-07,3
66,붉은오름자연휴양림,2021-03-08,1
67,붉은오름자연휴양림,2021-03-09,1
68,붉은오름자연휴양림,2021-03-10,4
69,붉은오름자연휴양림,2021-03-11,2
70,붉은오름자연휴양림,2021-03-12,2
71,붉은오름자연휴양림,2021-03-13,2
72,붉은오름자연휴양림,2021-03-14,2
73,붉은오름자연휴양림,2021-03-15,4
74,붉은오름자연휴양림,2021-03-16,2
75,붉은오름자연휴양림,2021-03-17,1
76,붉은오름자연휴양림,2021-03-18,2
77,붉은오름자연휴양림,2021-03-19,2
78,붉은오름자연휴양림,2021-03-20,1
79,붉은오름자연휴양림,2021-03-21,1
80,붉은오름자연휴양림,2021-03-22,1
81,붉은오름자연휴양림,2021-03-23,5
82,붉은오름자연휴양림,2021-03-24,0
83,붉은오름자연휴양림,2021-03-25,3
84,붉은오름자연휴양림,2021-03-26,2
85,붉은오름자연휴양림,2021-03-27,2
86,붉은오름자연휴양림,2021-03-28,1
87,붉은오름자연휴양림,2021-03-29,2
88,붉은오름자연휴양림,2021-03-30,1
89,붉은오름자연휴양림,2021-03-31,1
90,붉은오름자연휴양림,2021-04-01,5
91,붉은오름자연휴양림,2021-04-02,1
92,붉은오름자연휴양림,2021-04-03,1
93,붉은오름자연휴양림,2021-04-04,1
94,붉은오름자연휴양림,2021-04-05,3
95,붉은오름자연휴양림,2021-04-06,3
96,붉은오름자연휴양림,2021-04-07,3
97,붉은오름자연휴양림,2021-04-08,4
98,붉은오름자연휴양림,2021-04-09,5
99,붉은오름자연휴양림,2021-04-10,6
100,붉은오름자연휴양림,2021-04-11,0
101,붉은오름자연휴양림,2021-04-12,1
102,붉은오름자연휴양림,2021-04-13,3
103,붉은오름자연휴양림,2021-04-14,6
104,붉은오름자연휴양림,2021-04-15,2
105,붉은오름자연휴양림,2021-04-16,1
106,붉은오름자연휴양림,2021-04-17,4
107,붉은오름자연휴양림,2021-04-18,2
108,붉은오름자연휴양림,2021-04-19,4
109,붉은오름자연휴양림,2021-04-20,1
110,붉은오름자연휴양림,2021-04-21,8
111,붉은오름자연휴양림,2021-04-22,3
112,붉은오름자연휴양림,2021-04-23,4
113,붉은오름자연휴양림,2021-04-24,1
114,붉은오름자연휴양림,2021-04-25,0
115,붉은오름자연휴양림,2021-04-26,3
116,붉은오름자연휴양림,2021-04-27,1
117,붉은오름자연휴양림,2021-04-28,2
118,붉은오름자연휴양림,2021-04-29,4
119,붉은오름자연휴양림,2021-04-30,4
120,붉은오름자연휴양림,2021-05-01,4
121,붉은오름자연휴양림,2021-05-02,9
122,붉은오름자연휴양림,2021-05-03,4
123,붉은오름자연휴양림,2021-05-04,2
124,붉은오름자연휴양림,2021-05-05,3
125,붉은오름자연휴양림,2021-05-06,2
126,붉은오름자연휴양림,2021-05-07,2
127,붉은오름자연휴양림,2021-05-08,1
128,붉은오름자연휴양림,2021-05-09,1
129,붉은오름자연휴양림,2021-05-10,0
130,붉은오름자연휴양림,2021-05-11,1
131,붉은오름자연휴양림,2021-05-12,3
132,붉은오름자연휴양림,2021-05-13,6
133,붉은오름자연휴양림,2021-05-14,3
134,붉은오름자연휴양림,2021-05-15,4
135,붉은오름자연휴양림,2021-05-16,2
136,붉은오름자연휴양림,2021-05-17,3
137,붉은오름자연휴양림,2021-05-18,3
138,붉은오름자연휴양림,2021-05-19,2
139,붉은오름자연휴양림,2021-05-20,3
140,붉은오름자연휴양림,2021-05-21,3
141,붉은오름자연휴양림,2021-05-22,2
142,붉은오름자연휴양림,2021-05-23,3
143,붉은오름자연휴양림,2021-05-24,9
144,붉은오름자연휴양림,2021-05-25,2
145,붉은오름자연휴양림,2021-05-26,3
146,붉은오름자연휴양림,2021-05-27,2
147,붉은오름자연휴양림,2021-05-28,10
148,붉은오름자연휴양림,2021-05-29,3
149,붉은오름자연휴양림,2021-05-30,2
150,붉은오름자연휴양림,2021-05-31,4
151,붉은오름자연휴양림,2021-06-01,6
152,붉은오름자연휴양림,2021-06-02,6
153,붉은오름자연휴양림,2021-06-03,6
154,붉은오름자연휴양림,2021-06-04,5
155,붉은오름자연휴양림,2021-06-05,3
156,붉은오름자연휴양림,2021-06-06,6
157,붉은오름자연휴양림,2021-06-07,1
158,붉은오름자연휴양림,2021-06-08,2
159,붉은오름자연휴양림,2021-06-09,6
160,붉은오름자연휴양림,2021-06-10,2
161,붉은오름자연휴양림,2021-06-11,3
162,붉은오름자연휴양림,2021-06-12,2
163,붉은오름자연휴양림,2021-06-13,4
164,붉은오름자연휴양림,2021-06-14,5
165,붉은오름자연휴양림,2021-06-15,0
166,붉은오름자연휴양림,2021-06-16,1
167,붉은오름자연휴양림,2021-06-17,2
168,붉은오름자연휴양림,2021-06-18,4
169,붉은오름자연휴양림,2021-06-19,2
170,붉은오름자연휴양림,2021-06-20,3
171,붉은오름자연휴양림,2021-06-21,3
172,붉은오름자연휴양림,2021-06-22,5
173,붉은오름자연휴양림,2021-06-23,4
174,붉은오름자연휴양림,2021-06-24,6
175,붉은오름자연휴양림,2021-06-25,4
176,붉은오름자연휴양림,2021-06-26,5
177,붉은오름자연휴양림,2021-06-27,1
178,붉은오름자연휴양림,2021-06-28,2
179,붉은오름자연휴양림,2021-06-29,2
180,붉은오름자연휴양림,2021-06-30,5
181,붉은오름자연휴양림,2021-07-01,3
182,붉은오름자연휴양림,2021-07-02,5
183,붉은오름자연휴양림,2021-07-03,2
184,붉은오름자연휴양림,2021-07-04,1
185,붉은오름자연휴양림,2021-07-05,6
186,붉은오름자연휴양림,2021-07-06,3
187,붉은오름자연휴양림,2021-07-07,3
188,붉은오름자연휴양림,2021-07-08,2
189,붉은오름자연휴양림,2021-07-09,1
190,붉은오름자연휴양림,2021-07-10,8
191,붉은오름자연휴양림,2021-07-11,6
192,붉은오름자연휴양림,2021-07-12,1
193,붉은오름자연휴양림,2021-07-13,1
194,붉은오름자연휴양림,2021-07-14,3
195,붉은오름자연휴양림,2021-07-15,1
196,붉은오름자연휴양림,2021-07-16,3
197,붉은오름자연휴양림,2021-07-17,6
198,붉은오름자연휴양림,2021-07-18,5
199,붉은오름자연휴양림,2021-07-19,0
200,붉은오름자연휴양림,2021-07-20,3
201,붉은오름자연휴양림,2021-07-21,3
202,붉은오름자연휴양림,2021-07-22,5
203,붉은오름자연휴양림,2021-07-23,4
204,붉은오름자연휴양림,2021-07-24,2
205,붉은오름자연휴양림,2021-07-25,0
206,붉은오름자연휴양림,2021-07-26,3
207,붉은오름자연휴양림,2021-07-27,4
208,붉은오름자연휴양림,2021-07-28,6
209,붉은오름자연휴양림,2021-07-29,1
210,붉은오름자연휴양림,2021-07-30,5
211,붉은오름자연휴양림,2021-07-31,1
212,붉은오름자연휴양림,2021-08-01,2
213,붉은오름자연휴양림,2021-08-02,3
214,붉은오름자연휴양림,2021-08-03,6
215,붉은오름자연휴양림,2021-08-04,1
216,붉은오름자연휴양림,2021-08-05,3
217,붉은오름자연휴양림,2021-08-06,2
218,붉은오름자연휴양림,2021-08-07,1
219,붉은오름자연휴양림,2021-08-08,3
220,붉은오름자연휴양림,2021-08-09,4
221,붉은오름자연휴양림,2021-08-10,3
222,붉은오름자연휴양림,2021-08-11,3
223,붉은오름자연휴양림,2021-08-12,2
224,붉은오름자연휴양림,2021-08-13,3
225,붉은오름자연휴양림,2021-08-14,2
226,붉은오름자연휴양림,2021-08-15,2
227,붉은오름자연휴양림,2021-08-16,3
228,붉은오름자연휴양림,2021-08-17,8
229,붉은오름자연휴양림,2021-08-18,3
230,붉은오름자연휴양림,2021-08-19,3
231,붉은오름자연휴양림,2021-08-20,2
232,붉은오름자연휴양림,2021-08-21,4
233,붉은오름자연휴양림,2021-08-22,1
234,붉은오름자연휴양림,2021-08-23,4
235,붉은오름자연휴양림,2021-08-24,1
236,붉은오름자연휴양림,2021-08-25,3
237,붉은오름자연휴양림,2021-08-26,4
238,붉은오름자연휴양림,2021-08-27,0
239,붉은오름자연휴양림,2021-08-28,3
240,붉은오름자연휴양림,2021-08-29,2
241,붉은오름자연휴양림,2021-08-30,2
242,붉은오름자연휴양림,2021-08-31,4
243,붉은오름자연휴양림,2021-09-01,1
244,붉은오름자연휴양림,2021-09-02,4
245,붉은오름자연휴양림,2021-09-03,1
246,붉은오름자연휴양림,2021-09-04,2
247,붉은오름자연휴양림,2021-09-05,2
248,붉은오름자연휴양림,2021-09-06,1
249,붉은오름자연휴양림,2021-09-07,2
250,붉은오름자연휴양림,2021-09-08,6
251,붉은오름자연휴양림,2021-09-09,3
252,붉은오름자연휴양림,2021-09-10,2
253,붉은오름자연휴양림,2021-09-11,2
254,붉은오름자연휴양림,2021-09-12,1
255,붉은오름자연휴양림,2021-09-13,2
256,붉은오름자연휴양림,2021-09-14,1
257,붉은오름자연휴양림,2021-09-15,3
258,붉은오름자연휴양림,2021-09-16,3
259,붉은오름자연휴양림,2021-09-17,2
260,붉은오름자연휴양림,2021-09-18,0
261,붉은오름자연휴양림,2021-09-19,1
262,붉은오름자연휴양림,2021-09-20,1
263,붉은오름자연휴양림,2021-09-21,2
264,붉은오름자연휴양림,2021-09-22,1
265,붉은오름자연휴양림,2021-09-23,4
266,붉은오름자연휴양림,2021-09-24,2
267,붉은오름자연휴양림,2021-09-25,3
268,붉은오름자연휴양림,2021-09-26,6
269,붉은오름자연휴양림,2021-09-27,4
270,붉은오름자연휴양림,2021-09-28,4
271,붉은오름자연휴양림,2021-09-29,3
272,붉은오름자연휴양림,2021-09-30,2
273,붉은오름자연휴양림,2021-10-01,2
274,붉은오름자연휴양림,2021-10-02,1
275,붉은오름자연휴양림,2021-10-03,1
276,붉은오름자연휴양림,2021-10-04,8
277,붉은오름자연휴양림,2021-10-05,9
278,붉은오름자연휴양림,2021-10-06,3
279,붉은오름자연휴양림,2021-10-07,5
280,붉은오름자연휴양림,2021-10-08,3
281,붉은오름자연휴양림,2021-10-09,1
282,붉은오름자연휴양림,2021-10-10,4
283,붉은오름자연휴양림,2021-10-11,2
284,붉은오름자연휴양림,2021-10-12,2
285,붉은오름자연휴양림,2021-10-13,2
286,붉은오름자연휴양림,2021-10-14,1
287,붉은오름자연휴양림,2021-10-15,5
288,붉은오름자연휴양림,2021-10-16,1
289,붉은오름자연휴양림,2021-10-17,1
290,붉은오름자연휴양림,2021-10-18,4
291,붉은오름자연휴양림,2021-10-19,2
292,붉은오름자연휴양림,2021-10-20,3
293,붉은오름자연휴양림,2021-10-21,2
294,붉은오름자연휴양림,2021-10-22,5
295,붉은오름자연휴양림,2021-10-23,2
296,붉은오름자연휴양림,2021-10-24,6
297,붉은오름자연휴양림,2021-10-25,4
298,붉은오름자연휴양림,2021-10-26,2
299,붉은오름자연휴양림,2021-10-27,5
300,붉은오름자연휴양림,2021-10-28,3
301,붉은오름자연휴양림,2021-10-29,2
302,붉은오름자연휴양림,2021-10-30,0
303,붉은오름자연휴양림,2021-10-31,5
304,붉은오름자연휴양림,2021-11-01,1
305,붉은오름자연휴양림,2021-11-02,2
306,붉은오름자연휴양림,2021-11-03,2
307,붉은오름자연휴양림,2021-11-04,2
308,붉은오름자연휴양림,2021-11-05,2
309,붉은오름자연휴양림,2021-11-06,3
310,붉은오름자연휴양림,2021-11-07,4
311,붉은오름자연휴양림,2021-11-08,1
312,붉은오름자연휴양림,2021-11-09,1
313,붉은오름자연휴양림,2021-11-10,3
314,붉은오름자연휴양림,2021-11-11,3
315,붉은오름자연휴양림,2021-11-12,1
316,붉은오름자연휴양림,2021-11-13,2
317,붉은오름자연휴양림,2021-11-14,2
318,붉은오름자연휴양림,2021-11-15,4
319,붉은오름자연휴양림,2021-11-16,2
320,붉은오름자연휴양림,2021-11-17,6
321,붉은오름자연휴양림,2021-11-18,4
322,붉은오름자연휴양림,2021-11-19,0
323,붉은오름자연휴양림,2021-11-20,4
324,붉은오름자연휴양림,2021-11-21,0
325,붉은오름자연휴양림,2021-11-22,1
326,붉은오름자연휴양림,2021-11-23,1
327,붉은오름자연휴양림,2021-11-24,4
328,붉은오름자연휴양림,2021-11-25,1
329,붉은오름자연휴양림,2021-11-26,4
330,붉은오름자연휴양림,2021-11-27,0
331,붉은오름자연휴양림,2021-11-28,1
332,붉은오름자연휴양림,2021-11-29,2
333,붉은오름자연휴양림,2021-11-30,2
334,붉은오름자연휴양림,2021-12-01,4
335,붉은오름자연휴양림,2021-12-02,2
336,붉은오름자연휴양림,2021-12-03,2
337,붉은오름자연휴양림,2021-12-04,2
338,붉은오름자연휴양림,2021-12-05,1
339,붉은오름자연휴양림,2021-12-06,1
340,붉은오름자연휴양림,2021-12-07,1
341,붉은오름자연휴양림,2021-12-08,4
342,붉은오름자연휴양림,2021-12-09,1
343,붉은오름자연휴양림,2021-12-10,2
344,붉은오름자연휴양림,2021-12-11,2
345,붉은오름자연휴양림,2021-12-12,2
346,붉은오름자연휴양림,2021-12-13,2
347,붉은오름자연휴양림,2021-12-14,2
348,붉은오름자연휴양림,2021-12-15,2
349,붉은오름자연휴양림,2021-12-16,2
350,붉은오름자연휴양림,2021-12-17,2
351,붉은오름자연휴양림,2021-12-18,3
352,붉은오름자연휴양림,2021-12-19,0
353,붉은오름자연휴양림,2021-12-20,2
354,붉은오름자연휴양림,2021-12-21,4
355,붉은오름자연휴양림,2021-12-22,3
356,붉은오름자연휴양림,2021-12-23,2
357,붉은오름자연휴양림,2021-12-24,1
358,붉은오름자연휴양림,2021-12-25,0
359,붉은오름자연휴양림,2021-12-26,3
360,붉은오름자연휴양림,2021-12-27,5
361,붉은오름자연휴양림,2021-12-28,1
362,붉은오름자연휴양림,2021-12-29,4
363,붉은오름자연휴양림,2021-12-30,5
364,붉은오름자연휴양림,2021-12-31,2
