﻿,관광지,날짜,버즈량
0,서귀포매일올레시장,2021-01-01,8
1,서귀포매일올레시장,2021-01-02,11
2,서귀포매일올레시장,2021-01-03,8
3,서귀포매일올레시장,2021-01-04,9
4,서귀포매일올레시장,2021-01-05,13
5,서귀포매일올레시장,2021-01-06,8
6,서귀포매일올레시장,2021-01-07,17
7,서귀포매일올레시장,2021-01-08,14
8,서귀포매일올레시장,2021-01-09,6
9,서귀포매일올레시장,2021-01-10,11
10,서귀포매일올레시장,2021-01-11,17
11,서귀포매일올레시장,2021-01-12,10
12,서귀포매일올레시장,2021-01-13,16
13,서귀포매일올레시장,2021-01-14,15
14,서귀포매일올레시장,2021-01-15,11
15,서귀포매일올레시장,2021-01-16,10
16,서귀포매일올레시장,2021-01-17,8
17,서귀포매일올레시장,2021-01-18,13
18,서귀포매일올레시장,2021-01-19,8
19,서귀포매일올레시장,2021-01-20,15
20,서귀포매일올레시장,2021-01-21,4
21,서귀포매일올레시장,2021-01-22,10
22,서귀포매일올레시장,2021-01-23,12
23,서귀포매일올레시장,2021-01-24,9
24,서귀포매일올레시장,2021-01-25,12
25,서귀포매일올레시장,2021-01-26,11
26,서귀포매일올레시장,2021-01-27,13
27,서귀포매일올레시장,2021-01-28,14
28,서귀포매일올레시장,2021-01-29,10
29,서귀포매일올레시장,2021-01-30,13
30,서귀포매일올레시장,2021-01-31,11
31,서귀포매일올레시장,2021-02-01,17
32,서귀포매일올레시장,2021-02-02,9
33,서귀포매일올레시장,2021-02-03,9
34,서귀포매일올레시장,2021-02-04,7
35,서귀포매일올레시장,2021-02-05,13
36,서귀포매일올레시장,2021-02-06,6
37,서귀포매일올레시장,2021-02-07,11
38,서귀포매일올레시장,2021-02-08,13
39,서귀포매일올레시장,2021-02-09,12
40,서귀포매일올레시장,2021-02-10,9
41,서귀포매일올레시장,2021-02-11,10
42,서귀포매일올레시장,2021-02-12,10
43,서귀포매일올레시장,2021-02-13,11
44,서귀포매일올레시장,2021-02-14,5
45,서귀포매일올레시장,2021-02-15,10
46,서귀포매일올레시장,2021-02-16,8
47,서귀포매일올레시장,2021-02-17,5
48,서귀포매일올레시장,2021-02-18,17
49,서귀포매일올레시장,2021-02-19,20
50,서귀포매일올레시장,2021-02-20,12
51,서귀포매일올레시장,2021-02-21,7
52,서귀포매일올레시장,2021-02-22,13
53,서귀포매일올레시장,2021-02-23,6
54,서귀포매일올레시장,2021-02-24,11
55,서귀포매일올레시장,2021-02-25,11
56,서귀포매일올레시장,2021-02-26,12
57,서귀포매일올레시장,2021-02-27,8
58,서귀포매일올레시장,2021-02-28,10
59,서귀포매일올레시장,2021-03-01,10
60,서귀포매일올레시장,2021-03-02,15
61,서귀포매일올레시장,2021-03-03,10
62,서귀포매일올레시장,2021-03-04,10
63,서귀포매일올레시장,2021-03-05,8
64,서귀포매일올레시장,2021-03-06,7
65,서귀포매일올레시장,2021-03-07,12
66,서귀포매일올레시장,2021-03-08,14
67,서귀포매일올레시장,2021-03-09,10
68,서귀포매일올레시장,2021-03-10,10
69,서귀포매일올레시장,2021-03-11,6
70,서귀포매일올레시장,2021-03-12,8
71,서귀포매일올레시장,2021-03-13,6
72,서귀포매일올레시장,2021-03-14,7
73,서귀포매일올레시장,2021-03-15,20
74,서귀포매일올레시장,2021-03-16,22
75,서귀포매일올레시장,2021-03-17,13
76,서귀포매일올레시장,2021-03-18,26
77,서귀포매일올레시장,2021-03-19,33
78,서귀포매일올레시장,2021-03-20,9
79,서귀포매일올레시장,2021-03-21,41
80,서귀포매일올레시장,2021-03-22,27
81,서귀포매일올레시장,2021-03-23,13
82,서귀포매일올레시장,2021-03-24,26
83,서귀포매일올레시장,2021-03-25,25
84,서귀포매일올레시장,2021-03-26,32
85,서귀포매일올레시장,2021-03-27,18
86,서귀포매일올레시장,2021-03-28,8
87,서귀포매일올레시장,2021-03-29,13
88,서귀포매일올레시장,2021-03-30,22
89,서귀포매일올레시장,2021-03-31,13
90,서귀포매일올레시장,2021-04-01,9
91,서귀포매일올레시장,2021-04-02,11
92,서귀포매일올레시장,2021-04-03,16
93,서귀포매일올레시장,2021-04-04,11
94,서귀포매일올레시장,2021-04-05,11
95,서귀포매일올레시장,2021-04-06,8
96,서귀포매일올레시장,2021-04-07,18
97,서귀포매일올레시장,2021-04-08,24
98,서귀포매일올레시장,2021-04-09,13
99,서귀포매일올레시장,2021-04-10,18
100,서귀포매일올레시장,2021-04-11,23
101,서귀포매일올레시장,2021-04-12,40
102,서귀포매일올레시장,2021-04-13,30
103,서귀포매일올레시장,2021-04-14,36
104,서귀포매일올레시장,2021-04-15,19
105,서귀포매일올레시장,2021-04-16,22
106,서귀포매일올레시장,2021-04-17,16
107,서귀포매일올레시장,2021-04-18,24
108,서귀포매일올레시장,2021-04-19,29
109,서귀포매일올레시장,2021-04-20,24
110,서귀포매일올레시장,2021-04-21,54
111,서귀포매일올레시장,2021-04-22,21
112,서귀포매일올레시장,2021-04-23,27
113,서귀포매일올레시장,2021-04-24,32
114,서귀포매일올레시장,2021-04-25,37
115,서귀포매일올레시장,2021-04-26,22
116,서귀포매일올레시장,2021-04-27,14
117,서귀포매일올레시장,2021-04-28,16
118,서귀포매일올레시장,2021-04-29,16
119,서귀포매일올레시장,2021-04-30,11
120,서귀포매일올레시장,2021-05-01,13
121,서귀포매일올레시장,2021-05-02,10
122,서귀포매일올레시장,2021-05-03,12
123,서귀포매일올레시장,2021-05-04,12
124,서귀포매일올레시장,2021-05-05,17
125,서귀포매일올레시장,2021-05-06,16
126,서귀포매일올레시장,2021-05-07,14
127,서귀포매일올레시장,2021-05-08,10
128,서귀포매일올레시장,2021-05-09,12
129,서귀포매일올레시장,2021-05-10,17
130,서귀포매일올레시장,2021-05-11,10
131,서귀포매일올레시장,2021-05-12,9
132,서귀포매일올레시장,2021-05-13,11
133,서귀포매일올레시장,2021-05-14,10
134,서귀포매일올레시장,2021-05-15,13
135,서귀포매일올레시장,2021-05-16,8
136,서귀포매일올레시장,2021-05-17,18
137,서귀포매일올레시장,2021-05-18,19
138,서귀포매일올레시장,2021-05-19,18
139,서귀포매일올레시장,2021-05-20,10
140,서귀포매일올레시장,2021-05-21,13
141,서귀포매일올레시장,2021-05-22,7
142,서귀포매일올레시장,2021-05-23,11
143,서귀포매일올레시장,2021-05-24,17
144,서귀포매일올레시장,2021-05-25,18
145,서귀포매일올레시장,2021-05-26,21
146,서귀포매일올레시장,2021-05-27,17
147,서귀포매일올레시장,2021-05-28,11
148,서귀포매일올레시장,2021-05-29,9
149,서귀포매일올레시장,2021-05-30,16
150,서귀포매일올레시장,2021-05-31,17
151,서귀포매일올레시장,2021-06-01,17
152,서귀포매일올레시장,2021-06-02,19
153,서귀포매일올레시장,2021-06-03,15
154,서귀포매일올레시장,2021-06-04,13
155,서귀포매일올레시장,2021-06-05,7
156,서귀포매일올레시장,2021-06-06,10
157,서귀포매일올레시장,2021-06-07,11
158,서귀포매일올레시장,2021-06-08,12
159,서귀포매일올레시장,2021-06-09,13
160,서귀포매일올레시장,2021-06-10,9
161,서귀포매일올레시장,2021-06-11,10
162,서귀포매일올레시장,2021-06-12,11
163,서귀포매일올레시장,2021-06-13,16
164,서귀포매일올레시장,2021-06-14,15
165,서귀포매일올레시장,2021-06-15,25
166,서귀포매일올레시장,2021-06-16,26
167,서귀포매일올레시장,2021-06-17,5
168,서귀포매일올레시장,2021-06-18,18
169,서귀포매일올레시장,2021-06-19,13
170,서귀포매일올레시장,2021-06-20,12
171,서귀포매일올레시장,2021-06-21,12
172,서귀포매일올레시장,2021-06-22,19
173,서귀포매일올레시장,2021-06-23,16
174,서귀포매일올레시장,2021-06-24,12
175,서귀포매일올레시장,2021-06-25,18
176,서귀포매일올레시장,2021-06-26,13
177,서귀포매일올레시장,2021-06-27,19
178,서귀포매일올레시장,2021-06-28,18
179,서귀포매일올레시장,2021-06-29,23
180,서귀포매일올레시장,2021-06-30,20
181,서귀포매일올레시장,2021-07-01,14
182,서귀포매일올레시장,2021-07-02,17
183,서귀포매일올레시장,2021-07-03,17
184,서귀포매일올레시장,2021-07-04,13
185,서귀포매일올레시장,2021-07-05,15
186,서귀포매일올레시장,2021-07-06,14
187,서귀포매일올레시장,2021-07-07,12
188,서귀포매일올레시장,2021-07-08,15
189,서귀포매일올레시장,2021-07-09,19
190,서귀포매일올레시장,2021-07-10,13
191,서귀포매일올레시장,2021-07-11,11
192,서귀포매일올레시장,2021-07-12,12
193,서귀포매일올레시장,2021-07-13,12
194,서귀포매일올레시장,2021-07-14,20
195,서귀포매일올레시장,2021-07-15,14
196,서귀포매일올레시장,2021-07-16,8
197,서귀포매일올레시장,2021-07-17,5
198,서귀포매일올레시장,2021-07-18,4
199,서귀포매일올레시장,2021-07-19,3
200,서귀포매일올레시장,2021-07-20,16
201,서귀포매일올레시장,2021-07-21,12
202,서귀포매일올레시장,2021-07-22,23
203,서귀포매일올레시장,2021-07-23,14
204,서귀포매일올레시장,2021-07-24,7
205,서귀포매일올레시장,2021-07-25,15
206,서귀포매일올레시장,2021-07-26,6
207,서귀포매일올레시장,2021-07-27,11
208,서귀포매일올레시장,2021-07-28,15
209,서귀포매일올레시장,2021-07-29,12
210,서귀포매일올레시장,2021-07-30,11
211,서귀포매일올레시장,2021-07-31,13
212,서귀포매일올레시장,2021-08-01,8
213,서귀포매일올레시장,2021-08-02,17
214,서귀포매일올레시장,2021-08-03,11
215,서귀포매일올레시장,2021-08-04,13
216,서귀포매일올레시장,2021-08-05,17
217,서귀포매일올레시장,2021-08-06,13
218,서귀포매일올레시장,2021-08-07,11
219,서귀포매일올레시장,2021-08-08,6
220,서귀포매일올레시장,2021-08-09,12
221,서귀포매일올레시장,2021-08-10,9
222,서귀포매일올레시장,2021-08-11,12
223,서귀포매일올레시장,2021-08-12,12
224,서귀포매일올레시장,2021-08-13,21
225,서귀포매일올레시장,2021-08-14,8
226,서귀포매일올레시장,2021-08-15,8
227,서귀포매일올레시장,2021-08-16,8
228,서귀포매일올레시장,2021-08-17,12
229,서귀포매일올레시장,2021-08-18,10
230,서귀포매일올레시장,2021-08-19,14
231,서귀포매일올레시장,2021-08-20,16
232,서귀포매일올레시장,2021-08-21,7
233,서귀포매일올레시장,2021-08-22,8
234,서귀포매일올레시장,2021-08-23,12
235,서귀포매일올레시장,2021-08-24,12
236,서귀포매일올레시장,2021-08-25,12
237,서귀포매일올레시장,2021-08-26,15
238,서귀포매일올레시장,2021-08-27,8
239,서귀포매일올레시장,2021-08-28,9
240,서귀포매일올레시장,2021-08-29,8
241,서귀포매일올레시장,2021-08-30,4
242,서귀포매일올레시장,2021-08-31,20
243,서귀포매일올레시장,2021-09-01,6
244,서귀포매일올레시장,2021-09-02,7
245,서귀포매일올레시장,2021-09-03,11
246,서귀포매일올레시장,2021-09-04,4
247,서귀포매일올레시장,2021-09-05,8
248,서귀포매일올레시장,2021-09-06,12
249,서귀포매일올레시장,2021-09-07,16
250,서귀포매일올레시장,2021-09-08,15
251,서귀포매일올레시장,2021-09-09,10
252,서귀포매일올레시장,2021-09-10,12
253,서귀포매일올레시장,2021-09-11,8
254,서귀포매일올레시장,2021-09-12,4
255,서귀포매일올레시장,2021-09-13,13
256,서귀포매일올레시장,2021-09-14,13
257,서귀포매일올레시장,2021-09-15,10
258,서귀포매일올레시장,2021-09-16,12
259,서귀포매일올레시장,2021-09-17,10
260,서귀포매일올레시장,2021-09-18,4
261,서귀포매일올레시장,2021-09-19,6
262,서귀포매일올레시장,2021-09-20,11
263,서귀포매일올레시장,2021-09-21,11
264,서귀포매일올레시장,2021-09-22,8
265,서귀포매일올레시장,2021-09-23,7
266,서귀포매일올레시장,2021-09-24,11
267,서귀포매일올레시장,2021-09-25,8
268,서귀포매일올레시장,2021-09-26,7
269,서귀포매일올레시장,2021-09-27,13
270,서귀포매일올레시장,2021-09-28,4
271,서귀포매일올레시장,2021-09-29,12
272,서귀포매일올레시장,2021-09-30,14
273,서귀포매일올레시장,2021-10-01,13
274,서귀포매일올레시장,2021-10-02,6
275,서귀포매일올레시장,2021-10-03,7
276,서귀포매일올레시장,2021-10-04,8
277,서귀포매일올레시장,2021-10-05,5
278,서귀포매일올레시장,2021-10-06,12
279,서귀포매일올레시장,2021-10-07,12
280,서귀포매일올레시장,2021-10-08,15
281,서귀포매일올레시장,2021-10-09,9
282,서귀포매일올레시장,2021-10-10,14
283,서귀포매일올레시장,2021-10-11,17
284,서귀포매일올레시장,2021-10-12,12
285,서귀포매일올레시장,2021-10-13,19
286,서귀포매일올레시장,2021-10-14,10
287,서귀포매일올레시장,2021-10-15,16
288,서귀포매일올레시장,2021-10-16,9
289,서귀포매일올레시장,2021-10-17,12
290,서귀포매일올레시장,2021-10-18,13
291,서귀포매일올레시장,2021-10-19,11
292,서귀포매일올레시장,2021-10-20,20
293,서귀포매일올레시장,2021-10-21,26
294,서귀포매일올레시장,2021-10-22,15
295,서귀포매일올레시장,2021-10-23,8
296,서귀포매일올레시장,2021-10-24,3
297,서귀포매일올레시장,2021-10-25,10
298,서귀포매일올레시장,2021-10-26,14
299,서귀포매일올레시장,2021-10-27,18
300,서귀포매일올레시장,2021-10-28,17
301,서귀포매일올레시장,2021-10-29,18
302,서귀포매일올레시장,2021-10-30,8
303,서귀포매일올레시장,2021-10-31,12
304,서귀포매일올레시장,2021-11-01,13
305,서귀포매일올레시장,2021-11-02,11
306,서귀포매일올레시장,2021-11-03,13
307,서귀포매일올레시장,2021-11-04,11
308,서귀포매일올레시장,2021-11-05,7
309,서귀포매일올레시장,2021-11-06,10
310,서귀포매일올레시장,2021-11-07,8
311,서귀포매일올레시장,2021-11-08,18
312,서귀포매일올레시장,2021-11-09,12
313,서귀포매일올레시장,2021-11-10,21
314,서귀포매일올레시장,2021-11-11,13
315,서귀포매일올레시장,2021-11-12,15
316,서귀포매일올레시장,2021-11-13,9
317,서귀포매일올레시장,2021-11-14,8
318,서귀포매일올레시장,2021-11-15,12
319,서귀포매일올레시장,2021-11-16,17
320,서귀포매일올레시장,2021-11-17,20
321,서귀포매일올레시장,2021-11-18,17
322,서귀포매일올레시장,2021-11-19,9
323,서귀포매일올레시장,2021-11-20,9
324,서귀포매일올레시장,2021-11-21,12
325,서귀포매일올레시장,2021-11-22,16
326,서귀포매일올레시장,2021-11-23,12
327,서귀포매일올레시장,2021-11-24,14
328,서귀포매일올레시장,2021-11-25,14
329,서귀포매일올레시장,2021-11-26,21
330,서귀포매일올레시장,2021-11-27,15
331,서귀포매일올레시장,2021-11-28,9
332,서귀포매일올레시장,2021-11-29,18
333,서귀포매일올레시장,2021-11-30,8
334,서귀포매일올레시장,2021-12-01,4
335,서귀포매일올레시장,2021-12-02,19
336,서귀포매일올레시장,2021-12-03,16
337,서귀포매일올레시장,2021-12-04,8
338,서귀포매일올레시장,2021-12-05,14
339,서귀포매일올레시장,2021-12-06,9
340,서귀포매일올레시장,2021-12-07,13
341,서귀포매일올레시장,2021-12-08,15
342,서귀포매일올레시장,2021-12-09,14
343,서귀포매일올레시장,2021-12-10,17
344,서귀포매일올레시장,2021-12-11,9
345,서귀포매일올레시장,2021-12-12,10
346,서귀포매일올레시장,2021-12-13,15
347,서귀포매일올레시장,2021-12-14,13
348,서귀포매일올레시장,2021-12-15,18
349,서귀포매일올레시장,2021-12-16,18
350,서귀포매일올레시장,2021-12-17,38
351,서귀포매일올레시장,2021-12-18,9
352,서귀포매일올레시장,2021-12-19,10
353,서귀포매일올레시장,2021-12-20,11
354,서귀포매일올레시장,2021-12-21,11
355,서귀포매일올레시장,2021-12-22,17
356,서귀포매일올레시장,2021-12-23,14
357,서귀포매일올레시장,2021-12-24,11
358,서귀포매일올레시장,2021-12-25,8
359,서귀포매일올레시장,2021-12-26,7
360,서귀포매일올레시장,2021-12-27,14
361,서귀포매일올레시장,2021-12-28,13
362,서귀포매일올레시장,2021-12-29,14
363,서귀포매일올레시장,2021-12-30,19
364,서귀포매일올레시장,2021-12-31,18
