﻿,관광지,날짜,버즈량
0,선녀와나무꾼테마공원,2021-01-01,2
1,선녀와나무꾼테마공원,2021-01-02,5
2,선녀와나무꾼테마공원,2021-01-03,3
3,선녀와나무꾼테마공원,2021-01-04,3
4,선녀와나무꾼테마공원,2021-01-05,6
5,선녀와나무꾼테마공원,2021-01-06,3
6,선녀와나무꾼테마공원,2021-01-07,3
7,선녀와나무꾼테마공원,2021-01-08,1
8,선녀와나무꾼테마공원,2021-01-09,1
9,선녀와나무꾼테마공원,2021-01-10,3
10,선녀와나무꾼테마공원,2021-01-11,2
11,선녀와나무꾼테마공원,2021-01-12,1
12,선녀와나무꾼테마공원,2021-01-13,2
13,선녀와나무꾼테마공원,2021-01-14,1
14,선녀와나무꾼테마공원,2021-01-15,2
15,선녀와나무꾼테마공원,2021-01-16,0
16,선녀와나무꾼테마공원,2021-01-17,1
17,선녀와나무꾼테마공원,2021-01-18,2
18,선녀와나무꾼테마공원,2021-01-19,1
19,선녀와나무꾼테마공원,2021-01-20,0
20,선녀와나무꾼테마공원,2021-01-21,1
21,선녀와나무꾼테마공원,2021-01-22,1
22,선녀와나무꾼테마공원,2021-01-23,0
23,선녀와나무꾼테마공원,2021-01-24,1
24,선녀와나무꾼테마공원,2021-01-25,2
25,선녀와나무꾼테마공원,2021-01-26,2
26,선녀와나무꾼테마공원,2021-01-27,0
27,선녀와나무꾼테마공원,2021-01-28,3
28,선녀와나무꾼테마공원,2021-01-29,0
29,선녀와나무꾼테마공원,2021-01-30,1
30,선녀와나무꾼테마공원,2021-01-31,1
31,선녀와나무꾼테마공원,2021-02-01,1
32,선녀와나무꾼테마공원,2021-02-02,0
33,선녀와나무꾼테마공원,2021-02-03,0
34,선녀와나무꾼테마공원,2021-02-04,0
35,선녀와나무꾼테마공원,2021-02-05,0
36,선녀와나무꾼테마공원,2021-02-06,1
37,선녀와나무꾼테마공원,2021-02-07,0
38,선녀와나무꾼테마공원,2021-02-08,1
39,선녀와나무꾼테마공원,2021-02-09,2
40,선녀와나무꾼테마공원,2021-02-10,1
41,선녀와나무꾼테마공원,2021-02-11,0
42,선녀와나무꾼테마공원,2021-02-12,0
43,선녀와나무꾼테마공원,2021-02-13,0
44,선녀와나무꾼테마공원,2021-02-14,0
45,선녀와나무꾼테마공원,2021-02-15,0
46,선녀와나무꾼테마공원,2021-02-16,0
47,선녀와나무꾼테마공원,2021-02-17,1
48,선녀와나무꾼테마공원,2021-02-18,0
49,선녀와나무꾼테마공원,2021-02-19,0
50,선녀와나무꾼테마공원,2021-02-20,1
51,선녀와나무꾼테마공원,2021-02-21,3
52,선녀와나무꾼테마공원,2021-02-22,2
53,선녀와나무꾼테마공원,2021-02-23,0
54,선녀와나무꾼테마공원,2021-02-24,0
55,선녀와나무꾼테마공원,2021-02-25,1
56,선녀와나무꾼테마공원,2021-02-26,1
57,선녀와나무꾼테마공원,2021-02-27,1
58,선녀와나무꾼테마공원,2021-02-28,0
59,선녀와나무꾼테마공원,2021-03-01,1
60,선녀와나무꾼테마공원,2021-03-02,1
61,선녀와나무꾼테마공원,2021-03-03,0
62,선녀와나무꾼테마공원,2021-03-04,1
63,선녀와나무꾼테마공원,2021-03-05,1
64,선녀와나무꾼테마공원,2021-03-06,2
65,선녀와나무꾼테마공원,2021-03-07,0
66,선녀와나무꾼테마공원,2021-03-08,2
67,선녀와나무꾼테마공원,2021-03-09,3
68,선녀와나무꾼테마공원,2021-03-10,3
69,선녀와나무꾼테마공원,2021-03-11,1
70,선녀와나무꾼테마공원,2021-03-12,1
71,선녀와나무꾼테마공원,2021-03-13,0
72,선녀와나무꾼테마공원,2021-03-14,1
73,선녀와나무꾼테마공원,2021-03-15,1
74,선녀와나무꾼테마공원,2021-03-16,1
75,선녀와나무꾼테마공원,2021-03-17,2
76,선녀와나무꾼테마공원,2021-03-18,2
77,선녀와나무꾼테마공원,2021-03-19,1
78,선녀와나무꾼테마공원,2021-03-20,0
79,선녀와나무꾼테마공원,2021-03-21,3
80,선녀와나무꾼테마공원,2021-03-22,0
81,선녀와나무꾼테마공원,2021-03-23,2
82,선녀와나무꾼테마공원,2021-03-24,1
83,선녀와나무꾼테마공원,2021-03-25,0
84,선녀와나무꾼테마공원,2021-03-26,3
85,선녀와나무꾼테마공원,2021-03-27,4
86,선녀와나무꾼테마공원,2021-03-28,3
87,선녀와나무꾼테마공원,2021-03-29,3
88,선녀와나무꾼테마공원,2021-03-30,1
89,선녀와나무꾼테마공원,2021-03-31,0
90,선녀와나무꾼테마공원,2021-04-01,3
91,선녀와나무꾼테마공원,2021-04-02,0
92,선녀와나무꾼테마공원,2021-04-03,0
93,선녀와나무꾼테마공원,2021-04-04,0
94,선녀와나무꾼테마공원,2021-04-05,3
95,선녀와나무꾼테마공원,2021-04-06,1
96,선녀와나무꾼테마공원,2021-04-07,3
97,선녀와나무꾼테마공원,2021-04-08,2
98,선녀와나무꾼테마공원,2021-04-09,2
99,선녀와나무꾼테마공원,2021-04-10,1
100,선녀와나무꾼테마공원,2021-04-11,3
101,선녀와나무꾼테마공원,2021-04-12,4
102,선녀와나무꾼테마공원,2021-04-13,3
103,선녀와나무꾼테마공원,2021-04-14,2
104,선녀와나무꾼테마공원,2021-04-15,0
105,선녀와나무꾼테마공원,2021-04-16,0
106,선녀와나무꾼테마공원,2021-04-17,2
107,선녀와나무꾼테마공원,2021-04-18,4
108,선녀와나무꾼테마공원,2021-04-19,1
109,선녀와나무꾼테마공원,2021-04-20,0
110,선녀와나무꾼테마공원,2021-04-21,2
111,선녀와나무꾼테마공원,2021-04-22,0
112,선녀와나무꾼테마공원,2021-04-23,4
113,선녀와나무꾼테마공원,2021-04-24,1
114,선녀와나무꾼테마공원,2021-04-25,1
115,선녀와나무꾼테마공원,2021-04-26,3
116,선녀와나무꾼테마공원,2021-04-27,0
117,선녀와나무꾼테마공원,2021-04-28,3
118,선녀와나무꾼테마공원,2021-04-29,3
119,선녀와나무꾼테마공원,2021-04-30,4
120,선녀와나무꾼테마공원,2021-05-01,1
121,선녀와나무꾼테마공원,2021-05-02,2
122,선녀와나무꾼테마공원,2021-05-03,2
123,선녀와나무꾼테마공원,2021-05-04,1
124,선녀와나무꾼테마공원,2021-05-05,1
125,선녀와나무꾼테마공원,2021-05-06,1
126,선녀와나무꾼테마공원,2021-05-07,3
127,선녀와나무꾼테마공원,2021-05-08,2
128,선녀와나무꾼테마공원,2021-05-09,1
129,선녀와나무꾼테마공원,2021-05-10,2
130,선녀와나무꾼테마공원,2021-05-11,4
131,선녀와나무꾼테마공원,2021-05-12,8
132,선녀와나무꾼테마공원,2021-05-13,3
133,선녀와나무꾼테마공원,2021-05-14,5
134,선녀와나무꾼테마공원,2021-05-15,0
135,선녀와나무꾼테마공원,2021-05-16,2
136,선녀와나무꾼테마공원,2021-05-17,0
137,선녀와나무꾼테마공원,2021-05-18,1
138,선녀와나무꾼테마공원,2021-05-19,4
139,선녀와나무꾼테마공원,2021-05-20,2
140,선녀와나무꾼테마공원,2021-05-21,1
141,선녀와나무꾼테마공원,2021-05-22,2
142,선녀와나무꾼테마공원,2021-05-23,3
143,선녀와나무꾼테마공원,2021-05-24,1
144,선녀와나무꾼테마공원,2021-05-25,5
145,선녀와나무꾼테마공원,2021-05-26,2
146,선녀와나무꾼테마공원,2021-05-27,2
147,선녀와나무꾼테마공원,2021-05-28,0
148,선녀와나무꾼테마공원,2021-05-29,2
149,선녀와나무꾼테마공원,2021-05-30,0
150,선녀와나무꾼테마공원,2021-05-31,3
151,선녀와나무꾼테마공원,2021-06-01,0
152,선녀와나무꾼테마공원,2021-06-02,5
153,선녀와나무꾼테마공원,2021-06-03,1
154,선녀와나무꾼테마공원,2021-06-04,2
155,선녀와나무꾼테마공원,2021-06-05,0
156,선녀와나무꾼테마공원,2021-06-06,1
157,선녀와나무꾼테마공원,2021-06-07,781
158,선녀와나무꾼테마공원,2021-06-08,0
159,선녀와나무꾼테마공원,2021-06-09,3
160,선녀와나무꾼테마공원,2021-06-10,2
161,선녀와나무꾼테마공원,2021-06-11,2
162,선녀와나무꾼테마공원,2021-06-12,0
163,선녀와나무꾼테마공원,2021-06-13,1
164,선녀와나무꾼테마공원,2021-06-14,2
165,선녀와나무꾼테마공원,2021-06-15,2
166,선녀와나무꾼테마공원,2021-06-16,3
167,선녀와나무꾼테마공원,2021-06-17,5
168,선녀와나무꾼테마공원,2021-06-18,2
169,선녀와나무꾼테마공원,2021-06-19,1
170,선녀와나무꾼테마공원,2021-06-20,1
171,선녀와나무꾼테마공원,2021-06-21,1
172,선녀와나무꾼테마공원,2021-06-22,2
173,선녀와나무꾼테마공원,2021-06-23,2
174,선녀와나무꾼테마공원,2021-06-24,1
175,선녀와나무꾼테마공원,2021-06-25,3
176,선녀와나무꾼테마공원,2021-06-26,1
177,선녀와나무꾼테마공원,2021-06-27,1
178,선녀와나무꾼테마공원,2021-06-28,1
179,선녀와나무꾼테마공원,2021-06-29,4
180,선녀와나무꾼테마공원,2021-06-30,6
181,선녀와나무꾼테마공원,2021-07-01,4
182,선녀와나무꾼테마공원,2021-07-02,4
183,선녀와나무꾼테마공원,2021-07-03,1
184,선녀와나무꾼테마공원,2021-07-04,1
185,선녀와나무꾼테마공원,2021-07-05,1
186,선녀와나무꾼테마공원,2021-07-06,1
187,선녀와나무꾼테마공원,2021-07-07,2
188,선녀와나무꾼테마공원,2021-07-08,4
189,선녀와나무꾼테마공원,2021-07-09,1
190,선녀와나무꾼테마공원,2021-07-10,4
191,선녀와나무꾼테마공원,2021-07-11,0
192,선녀와나무꾼테마공원,2021-07-12,1
193,선녀와나무꾼테마공원,2021-07-13,3
194,선녀와나무꾼테마공원,2021-07-14,5
195,선녀와나무꾼테마공원,2021-07-15,1
196,선녀와나무꾼테마공원,2021-07-16,2
197,선녀와나무꾼테마공원,2021-07-17,1
198,선녀와나무꾼테마공원,2021-07-18,1
199,선녀와나무꾼테마공원,2021-07-19,0
200,선녀와나무꾼테마공원,2021-07-20,3
201,선녀와나무꾼테마공원,2021-07-21,3
202,선녀와나무꾼테마공원,2021-07-22,4
203,선녀와나무꾼테마공원,2021-07-23,3
204,선녀와나무꾼테마공원,2021-07-24,2
205,선녀와나무꾼테마공원,2021-07-25,1
206,선녀와나무꾼테마공원,2021-07-26,4
207,선녀와나무꾼테마공원,2021-07-27,3
208,선녀와나무꾼테마공원,2021-07-28,3
209,선녀와나무꾼테마공원,2021-07-29,2
210,선녀와나무꾼테마공원,2021-07-30,3
211,선녀와나무꾼테마공원,2021-07-31,2
212,선녀와나무꾼테마공원,2021-08-01,2
213,선녀와나무꾼테마공원,2021-08-02,4
214,선녀와나무꾼테마공원,2021-08-03,1
215,선녀와나무꾼테마공원,2021-08-04,1
216,선녀와나무꾼테마공원,2021-08-05,1
217,선녀와나무꾼테마공원,2021-08-06,1
218,선녀와나무꾼테마공원,2021-08-07,2
219,선녀와나무꾼테마공원,2021-08-08,1
220,선녀와나무꾼테마공원,2021-08-09,1
221,선녀와나무꾼테마공원,2021-08-10,2
222,선녀와나무꾼테마공원,2021-08-11,0
223,선녀와나무꾼테마공원,2021-08-12,1
224,선녀와나무꾼테마공원,2021-08-13,2
225,선녀와나무꾼테마공원,2021-08-14,2
226,선녀와나무꾼테마공원,2021-08-15,1
227,선녀와나무꾼테마공원,2021-08-16,2
228,선녀와나무꾼테마공원,2021-08-17,2
229,선녀와나무꾼테마공원,2021-08-18,2
230,선녀와나무꾼테마공원,2021-08-19,0
231,선녀와나무꾼테마공원,2021-08-20,0
232,선녀와나무꾼테마공원,2021-08-21,3
233,선녀와나무꾼테마공원,2021-08-22,0
234,선녀와나무꾼테마공원,2021-08-23,3
235,선녀와나무꾼테마공원,2021-08-24,2
236,선녀와나무꾼테마공원,2021-08-25,2
237,선녀와나무꾼테마공원,2021-08-26,1
238,선녀와나무꾼테마공원,2021-08-27,0
239,선녀와나무꾼테마공원,2021-08-28,3
240,선녀와나무꾼테마공원,2021-08-29,1
241,선녀와나무꾼테마공원,2021-08-30,2
242,선녀와나무꾼테마공원,2021-08-31,1
243,선녀와나무꾼테마공원,2021-09-01,2
244,선녀와나무꾼테마공원,2021-09-02,0
245,선녀와나무꾼테마공원,2021-09-03,1
246,선녀와나무꾼테마공원,2021-09-04,1
247,선녀와나무꾼테마공원,2021-09-05,1
248,선녀와나무꾼테마공원,2021-09-06,0
249,선녀와나무꾼테마공원,2021-09-07,0
250,선녀와나무꾼테마공원,2021-09-08,4
251,선녀와나무꾼테마공원,2021-09-09,1
252,선녀와나무꾼테마공원,2021-09-10,1
253,선녀와나무꾼테마공원,2021-09-11,1
254,선녀와나무꾼테마공원,2021-09-12,1
255,선녀와나무꾼테마공원,2021-09-13,0
256,선녀와나무꾼테마공원,2021-09-14,3
257,선녀와나무꾼테마공원,2021-09-15,3
258,선녀와나무꾼테마공원,2021-09-16,2
259,선녀와나무꾼테마공원,2021-09-17,1
260,선녀와나무꾼테마공원,2021-09-18,0
261,선녀와나무꾼테마공원,2021-09-19,1
262,선녀와나무꾼테마공원,2021-09-20,2
263,선녀와나무꾼테마공원,2021-09-21,1
264,선녀와나무꾼테마공원,2021-09-22,2
265,선녀와나무꾼테마공원,2021-09-23,1
266,선녀와나무꾼테마공원,2021-09-24,1
267,선녀와나무꾼테마공원,2021-09-25,2
268,선녀와나무꾼테마공원,2021-09-26,1
269,선녀와나무꾼테마공원,2021-09-27,2
270,선녀와나무꾼테마공원,2021-09-28,3
271,선녀와나무꾼테마공원,2021-09-29,3
272,선녀와나무꾼테마공원,2021-09-30,0
273,선녀와나무꾼테마공원,2021-10-01,1
274,선녀와나무꾼테마공원,2021-10-02,2
275,선녀와나무꾼테마공원,2021-10-03,0
276,선녀와나무꾼테마공원,2021-10-04,0
277,선녀와나무꾼테마공원,2021-10-05,1
278,선녀와나무꾼테마공원,2021-10-06,2
279,선녀와나무꾼테마공원,2021-10-07,1
280,선녀와나무꾼테마공원,2021-10-08,2
281,선녀와나무꾼테마공원,2021-10-09,0
282,선녀와나무꾼테마공원,2021-10-10,2
283,선녀와나무꾼테마공원,2021-10-11,1
284,선녀와나무꾼테마공원,2021-10-12,0
285,선녀와나무꾼테마공원,2021-10-13,2
286,선녀와나무꾼테마공원,2021-10-14,0
287,선녀와나무꾼테마공원,2021-10-15,0
288,선녀와나무꾼테마공원,2021-10-16,0
289,선녀와나무꾼테마공원,2021-10-17,1
290,선녀와나무꾼테마공원,2021-10-18,3
291,선녀와나무꾼테마공원,2021-10-19,3
292,선녀와나무꾼테마공원,2021-10-20,3
293,선녀와나무꾼테마공원,2021-10-21,3
294,선녀와나무꾼테마공원,2021-10-22,3
295,선녀와나무꾼테마공원,2021-10-23,2
296,선녀와나무꾼테마공원,2021-10-24,2
297,선녀와나무꾼테마공원,2021-10-25,4
298,선녀와나무꾼테마공원,2021-10-26,1
299,선녀와나무꾼테마공원,2021-10-27,1
300,선녀와나무꾼테마공원,2021-10-28,3
301,선녀와나무꾼테마공원,2021-10-29,1
302,선녀와나무꾼테마공원,2021-10-30,0
303,선녀와나무꾼테마공원,2021-10-31,1
304,선녀와나무꾼테마공원,2021-11-01,1
305,선녀와나무꾼테마공원,2021-11-02,0
306,선녀와나무꾼테마공원,2021-11-03,2
307,선녀와나무꾼테마공원,2021-11-04,1
308,선녀와나무꾼테마공원,2021-11-05,2
309,선녀와나무꾼테마공원,2021-11-06,1
310,선녀와나무꾼테마공원,2021-11-07,1
311,선녀와나무꾼테마공원,2021-11-08,2
312,선녀와나무꾼테마공원,2021-11-09,3
313,선녀와나무꾼테마공원,2021-11-10,2
314,선녀와나무꾼테마공원,2021-11-11,4
315,선녀와나무꾼테마공원,2021-11-12,2
316,선녀와나무꾼테마공원,2021-11-13,0
317,선녀와나무꾼테마공원,2021-11-14,1
318,선녀와나무꾼테마공원,2021-11-15,0
319,선녀와나무꾼테마공원,2021-11-16,5
320,선녀와나무꾼테마공원,2021-11-17,0
321,선녀와나무꾼테마공원,2021-11-18,2
322,선녀와나무꾼테마공원,2021-11-19,1
323,선녀와나무꾼테마공원,2021-11-20,1
324,선녀와나무꾼테마공원,2021-11-21,0
325,선녀와나무꾼테마공원,2021-11-22,0
326,선녀와나무꾼테마공원,2021-11-23,1
327,선녀와나무꾼테마공원,2021-11-24,4
328,선녀와나무꾼테마공원,2021-11-25,2
329,선녀와나무꾼테마공원,2021-11-26,1
330,선녀와나무꾼테마공원,2021-11-27,0
331,선녀와나무꾼테마공원,2021-11-28,1
332,선녀와나무꾼테마공원,2021-11-29,0
333,선녀와나무꾼테마공원,2021-11-30,1
334,선녀와나무꾼테마공원,2021-12-01,2
335,선녀와나무꾼테마공원,2021-12-02,1
336,선녀와나무꾼테마공원,2021-12-03,1
337,선녀와나무꾼테마공원,2021-12-04,2
338,선녀와나무꾼테마공원,2021-12-05,3
339,선녀와나무꾼테마공원,2021-12-06,4
340,선녀와나무꾼테마공원,2021-12-07,3
341,선녀와나무꾼테마공원,2021-12-08,1
342,선녀와나무꾼테마공원,2021-12-09,1
343,선녀와나무꾼테마공원,2021-12-10,1
344,선녀와나무꾼테마공원,2021-12-11,0
345,선녀와나무꾼테마공원,2021-12-12,0
346,선녀와나무꾼테마공원,2021-12-13,2
347,선녀와나무꾼테마공원,2021-12-14,1
348,선녀와나무꾼테마공원,2021-12-15,2
349,선녀와나무꾼테마공원,2021-12-16,1
350,선녀와나무꾼테마공원,2021-12-17,3
351,선녀와나무꾼테마공원,2021-12-18,0
352,선녀와나무꾼테마공원,2021-12-19,0
353,선녀와나무꾼테마공원,2021-12-20,2
354,선녀와나무꾼테마공원,2021-12-21,2
355,선녀와나무꾼테마공원,2021-12-22,1
356,선녀와나무꾼테마공원,2021-12-23,3
357,선녀와나무꾼테마공원,2021-12-24,1
358,선녀와나무꾼테마공원,2021-12-25,1
359,선녀와나무꾼테마공원,2021-12-26,2
360,선녀와나무꾼테마공원,2021-12-27,2
361,선녀와나무꾼테마공원,2021-12-28,1
362,선녀와나무꾼테마공원,2021-12-29,1
363,선녀와나무꾼테마공원,2021-12-30,1
364,선녀와나무꾼테마공원,2021-12-31,2
