﻿,관광지,날짜,버즈량
0,세계자동차&피아노박물관,2021-01-01,508
1,세계자동차&피아노박물관,2021-01-02,531
2,세계자동차&피아노박물관,2021-01-03,551
3,세계자동차&피아노박물관,2021-01-04,888
4,세계자동차&피아노박물관,2021-01-05,932
5,세계자동차&피아노박물관,2021-01-06,962
6,세계자동차&피아노박물관,2021-01-07,868
7,세계자동차&피아노박물관,2021-01-08,1022
8,세계자동차&피아노박물관,2021-01-09,781
9,세계자동차&피아노박물관,2021-01-10,764
10,세계자동차&피아노박물관,2021-01-11,1163
11,세계자동차&피아노박물관,2021-01-12,1039
12,세계자동차&피아노박물관,2021-01-13,1062
13,세계자동차&피아노박물관,2021-01-14,954
14,세계자동차&피아노박물관,2021-01-15,957
15,세계자동차&피아노박물관,2021-01-16,523
16,세계자동차&피아노박물관,2021-01-17,626
17,세계자동차&피아노박물관,2021-01-18,900
18,세계자동차&피아노박물관,2021-01-19,883
19,세계자동차&피아노박물관,2021-01-20,926
20,세계자동차&피아노박물관,2021-01-21,857
21,세계자동차&피아노박물관,2021-01-22,774
22,세계자동차&피아노박물관,2021-01-23,508
23,세계자동차&피아노박물관,2021-01-24,586
24,세계자동차&피아노박물관,2021-01-25,896
25,세계자동차&피아노박물관,2021-01-26,929
26,세계자동차&피아노박물관,2021-01-27,844
27,세계자동차&피아노박물관,2021-01-28,817
28,세계자동차&피아노박물관,2021-01-29,727
29,세계자동차&피아노박물관,2021-01-30,504
30,세계자동차&피아노박물관,2021-01-31,500
31,세계자동차&피아노박물관,2021-02-01,812
32,세계자동차&피아노박물관,2021-02-02,774
33,세계자동차&피아노박물관,2021-02-03,663
34,세계자동차&피아노박물관,2021-02-04,742
35,세계자동차&피아노박물관,2021-02-05,732
36,세계자동차&피아노박물관,2021-02-06,483
37,세계자동차&피아노박물관,2021-02-07,472
38,세계자동차&피아노박물관,2021-02-08,667
39,세계자동차&피아노박물관,2021-02-09,775
40,세계자동차&피아노박물관,2021-02-10,718
41,세계자동차&피아노박물관,2021-02-11,422
42,세계자동차&피아노박물관,2021-02-12,392
43,세계자동차&피아노박물관,2021-02-13,472
44,세계자동차&피아노박물관,2021-02-14,486
45,세계자동차&피아노박물관,2021-02-15,786
46,세계자동차&피아노박물관,2021-02-16,750
47,세계자동차&피아노박물관,2021-02-17,725
48,세계자동차&피아노박물관,2021-02-18,672
49,세계자동차&피아노박물관,2021-02-19,690
50,세계자동차&피아노박물관,2021-02-20,483
51,세계자동차&피아노박물관,2021-02-21,471
52,세계자동차&피아노박물관,2021-02-22,925
53,세계자동차&피아노박물관,2021-02-23,963
54,세계자동차&피아노박물관,2021-02-24,970
55,세계자동차&피아노박물관,2021-02-25,917
56,세계자동차&피아노박물관,2021-02-26,788
57,세계자동차&피아노박물관,2021-02-27,538
58,세계자동차&피아노박물관,2021-02-28,539
59,세계자동차&피아노박물관,2021-03-01,769
60,세계자동차&피아노박물관,2021-03-02,1055
61,세계자동차&피아노박물관,2021-03-03,897
62,세계자동차&피아노박물관,2021-03-04,857
63,세계자동차&피아노박물관,2021-03-05,761
64,세계자동차&피아노박물관,2021-03-06,530
65,세계자동차&피아노박물관,2021-03-07,593
66,세계자동차&피아노박물관,2021-03-08,837
67,세계자동차&피아노박물관,2021-03-09,864
68,세계자동차&피아노박물관,2021-03-10,819
69,세계자동차&피아노박물관,2021-03-11,759
70,세계자동차&피아노박물관,2021-03-12,677
71,세계자동차&피아노박물관,2021-03-13,356
72,세계자동차&피아노박물관,2021-03-14,402
73,세계자동차&피아노박물관,2021-03-15,682
74,세계자동차&피아노박물관,2021-03-16,770
75,세계자동차&피아노박물관,2021-03-17,748
76,세계자동차&피아노박물관,2021-03-18,668
77,세계자동차&피아노박물관,2021-03-19,572
78,세계자동차&피아노박물관,2021-03-20,417
79,세계자동차&피아노박물관,2021-03-21,402
80,세계자동차&피아노박물관,2021-03-22,739
81,세계자동차&피아노박물관,2021-03-23,708
82,세계자동차&피아노박물관,2021-03-24,622
83,세계자동차&피아노박물관,2021-03-25,612
84,세계자동차&피아노박물관,2021-03-26,606
85,세계자동차&피아노박물관,2021-03-27,399
86,세계자동차&피아노박물관,2021-03-28,457
87,세계자동차&피아노박물관,2021-03-29,613
88,세계자동차&피아노박물관,2021-03-30,712
89,세계자동차&피아노박물관,2021-03-31,700
90,세계자동차&피아노박물관,2021-04-01,695
91,세계자동차&피아노박물관,2021-04-02,623
92,세계자동차&피아노박물관,2021-04-03,413
93,세계자동차&피아노박물관,2021-04-04,395
94,세계자동차&피아노박물관,2021-04-05,733
95,세계자동차&피아노박물관,2021-04-06,676
96,세계자동차&피아노박물관,2021-04-07,606
97,세계자동차&피아노박물관,2021-04-08,542
98,세계자동차&피아노박물관,2021-04-09,551
99,세계자동차&피아노박물관,2021-04-10,379
100,세계자동차&피아노박물관,2021-04-11,397
101,세계자동차&피아노박물관,2021-04-12,703
102,세계자동차&피아노박물관,2021-04-13,763
103,세계자동차&피아노박물관,2021-04-14,728
104,세계자동차&피아노박물관,2021-04-15,657
105,세계자동차&피아노박물관,2021-04-16,637
106,세계자동차&피아노박물관,2021-04-17,396
107,세계자동차&피아노박물관,2021-04-18,415
108,세계자동차&피아노박물관,2021-04-19,712
109,세계자동차&피아노박물관,2021-04-20,683
110,세계자동차&피아노박물관,2021-04-21,690
111,세계자동차&피아노박물관,2021-04-22,721
112,세계자동차&피아노박물관,2021-04-23,634
113,세계자동차&피아노박물관,2021-04-24,384
114,세계자동차&피아노박물관,2021-04-25,428
115,세계자동차&피아노박물관,2021-04-26,693
116,세계자동차&피아노박물관,2021-04-27,662
117,세계자동차&피아노박물관,2021-04-28,627
118,세계자동차&피아노박물관,2021-04-29,631
119,세계자동차&피아노박물관,2021-04-30,542
120,세계자동차&피아노박물관,2021-05-01,400
121,세계자동차&피아노박물관,2021-05-02,428
122,세계자동차&피아노박물관,2021-05-03,712
123,세계자동차&피아노박물관,2021-05-04,673
124,세계자동차&피아노박물관,2021-05-05,454
125,세계자동차&피아노박물관,2021-05-06,688
126,세계자동차&피아노박물관,2021-05-07,562
127,세계자동차&피아노박물관,2021-05-08,373
128,세계자동차&피아노박물관,2021-05-09,378
129,세계자동차&피아노박물관,2021-05-10,614
130,세계자동차&피아노박물관,2021-05-11,657
131,세계자동차&피아노박물관,2021-05-12,660
132,세계자동차&피아노박물관,2021-05-13,631
133,세계자동차&피아노박물관,2021-05-14,659
134,세계자동차&피아노박물관,2021-05-15,431
135,세계자동차&피아노박물관,2021-05-16,410
136,세계자동차&피아노박물관,2021-05-17,690
137,세계자동차&피아노박물관,2021-05-18,597
138,세계자동차&피아노박물관,2021-05-19,459
139,세계자동차&피아노박물관,2021-05-20,672
140,세계자동차&피아노박물관,2021-05-21,630
141,세계자동차&피아노박물관,2021-05-22,405
142,세계자동차&피아노박물관,2021-05-23,467
143,세계자동차&피아노박물관,2021-05-24,696
144,세계자동차&피아노박물관,2021-05-25,688
145,세계자동차&피아노박물관,2021-05-26,675
146,세계자동차&피아노박물관,2021-05-27,638
147,세계자동차&피아노박물관,2021-05-28,686
148,세계자동차&피아노박물관,2021-05-29,452
149,세계자동차&피아노박물관,2021-05-30,463
150,세계자동차&피아노박물관,2021-05-31,673
151,세계자동차&피아노박물관,2021-06-01,714
152,세계자동차&피아노박물관,2021-06-02,721
153,세계자동차&피아노박물관,2021-06-03,650
154,세계자동차&피아노박물관,2021-06-04,605
155,세계자동차&피아노박물관,2021-06-05,390
156,세계자동차&피아노박물관,2021-06-06,434
157,세계자동차&피아노박물관,2021-06-07,660
158,세계자동차&피아노박물관,2021-06-08,675
159,세계자동차&피아노박물관,2021-06-09,596
160,세계자동차&피아노박물관,2021-06-10,667
161,세계자동차&피아노박물관,2021-06-11,616
162,세계자동차&피아노박물관,2021-06-12,382
163,세계자동차&피아노박물관,2021-06-13,427
164,세계자동차&피아노박물관,2021-06-14,646
165,세계자동차&피아노박물관,2021-06-15,621
166,세계자동차&피아노박물관,2021-06-16,649
167,세계자동차&피아노박물관,2021-06-17,655
168,세계자동차&피아노박물관,2021-06-18,556
169,세계자동차&피아노박물관,2021-06-19,356
170,세계자동차&피아노박물관,2021-06-20,398
171,세계자동차&피아노박물관,2021-06-21,658
172,세계자동차&피아노박물관,2021-06-22,673
173,세계자동차&피아노박물관,2021-06-23,639
174,세계자동차&피아노박물관,2021-06-24,640
175,세계자동차&피아노박물관,2021-06-25,626
176,세계자동차&피아노박물관,2021-06-26,404
177,세계자동차&피아노박물관,2021-06-27,391
178,세계자동차&피아노박물관,2021-06-28,697
179,세계자동차&피아노박물관,2021-06-29,656
180,세계자동차&피아노박물관,2021-06-30,632
181,세계자동차&피아노박물관,2021-07-01,670
182,세계자동차&피아노박물관,2021-07-02,651
183,세계자동차&피아노박물관,2021-07-03,336
184,세계자동차&피아노박물관,2021-07-04,389
185,세계자동차&피아노박물관,2021-07-05,626
186,세계자동차&피아노박물관,2021-07-06,628
187,세계자동차&피아노박물관,2021-07-07,620
188,세계자동차&피아노박물관,2021-07-08,593
189,세계자동차&피아노박물관,2021-07-09,605
190,세계자동차&피아노박물관,2021-07-10,399
191,세계자동차&피아노박물관,2021-07-11,399
192,세계자동차&피아노박물관,2021-07-12,625
193,세계자동차&피아노박물관,2021-07-13,601
194,세계자동차&피아노박물관,2021-07-14,629
195,세계자동차&피아노박물관,2021-07-15,627
196,세계자동차&피아노박물관,2021-07-16,642
197,세계자동차&피아노박물관,2021-07-17,352
198,세계자동차&피아노박물관,2021-07-18,394
199,세계자동차&피아노박물관,2021-07-19,706
200,세계자동차&피아노박물관,2021-07-20,631
201,세계자동차&피아노박물관,2021-07-21,606
202,세계자동차&피아노박물관,2021-07-22,660
203,세계자동차&피아노박물관,2021-07-23,588
204,세계자동차&피아노박물관,2021-07-24,380
205,세계자동차&피아노박물관,2021-07-25,383
206,세계자동차&피아노박물관,2021-07-26,670
207,세계자동차&피아노박물관,2021-07-27,621
208,세계자동차&피아노박물관,2021-07-28,614
209,세계자동차&피아노박물관,2021-07-29,531
210,세계자동차&피아노박물관,2021-07-30,561
211,세계자동차&피아노박물관,2021-07-31,364
212,세계자동차&피아노박물관,2021-08-01,369
213,세계자동차&피아노박물관,2021-08-02,629
214,세계자동차&피아노박물관,2021-08-03,616
215,세계자동차&피아노박물관,2021-08-04,611
216,세계자동차&피아노박물관,2021-08-05,579
217,세계자동차&피아노박물관,2021-08-06,589
218,세계자동차&피아노박물관,2021-08-07,333
219,세계자동차&피아노박물관,2021-08-08,389
220,세계자동차&피아노박물관,2021-08-09,676
221,세계자동차&피아노박물관,2021-08-10,612
222,세계자동차&피아노박물관,2021-08-11,568
223,세계자동차&피아노박물관,2021-08-12,599
224,세계자동차&피아노박물관,2021-08-13,548
225,세계자동차&피아노박물관,2021-08-14,360
226,세계자동차&피아노박물관,2021-08-15,400
227,세계자동차&피아노박물관,2021-08-16,431
228,세계자동차&피아노박물관,2021-08-17,572
229,세계자동차&피아노박물관,2021-08-18,595
230,세계자동차&피아노박물관,2021-08-19,625
231,세계자동차&피아노박물관,2021-08-20,596
232,세계자동차&피아노박물관,2021-08-21,430
233,세계자동차&피아노박물관,2021-08-22,391
234,세계자동차&피아노박물관,2021-08-23,757
235,세계자동차&피아노박물관,2021-08-24,635
236,세계자동차&피아노박물관,2021-08-25,636
237,세계자동차&피아노박물관,2021-08-26,549
238,세계자동차&피아노박물관,2021-08-27,581
239,세계자동차&피아노박물관,2021-08-28,362
240,세계자동차&피아노박물관,2021-08-29,384
241,세계자동차&피아노박물관,2021-08-30,631
242,세계자동차&피아노박물관,2021-08-31,663
243,세계자동차&피아노박물관,2021-09-01,739
244,세계자동차&피아노박물관,2021-09-02,612
245,세계자동차&피아노박물관,2021-09-03,628
246,세계자동차&피아노박물관,2021-09-04,347
247,세계자동차&피아노박물관,2021-09-05,429
248,세계자동차&피아노박물관,2021-09-06,697
249,세계자동차&피아노박물관,2021-09-07,796
250,세계자동차&피아노박물관,2021-09-08,734
251,세계자동차&피아노박물관,2021-09-09,673
252,세계자동차&피아노박물관,2021-09-10,664
253,세계자동차&피아노박물관,2021-09-11,394
254,세계자동차&피아노박물관,2021-09-12,406
255,세계자동차&피아노박물관,2021-09-13,598
256,세계자동차&피아노박물관,2021-09-14,700
257,세계자동차&피아노박물관,2021-09-15,668
258,세계자동차&피아노박물관,2021-09-16,663
259,세계자동차&피아노박물관,2021-09-17,553
260,세계자동차&피아노박물관,2021-09-18,368
261,세계자동차&피아노박물관,2021-09-19,286
262,세계자동차&피아노박물관,2021-09-20,301
263,세계자동차&피아노박물관,2021-09-21,286
264,세계자동차&피아노박물관,2021-09-22,389
265,세계자동차&피아노박물관,2021-09-23,758
266,세계자동차&피아노박물관,2021-09-24,823
267,세계자동차&피아노박물관,2021-09-25,558
268,세계자동차&피아노박물관,2021-09-26,501
269,세계자동차&피아노박물관,2021-09-27,915
270,세계자동차&피아노박물관,2021-09-28,928
271,세계자동차&피아노박물관,2021-09-29,851
272,세계자동차&피아노박물관,2021-09-30,728
273,세계자동차&피아노박물관,2021-10-01,662
274,세계자동차&피아노박물관,2021-10-02,388
275,세계자동차&피아노박물관,2021-10-03,396
276,세계자동차&피아노박물관,2021-10-04,522
277,세계자동차&피아노박물관,2021-10-05,683
278,세계자동차&피아노박물관,2021-10-06,725
279,세계자동차&피아노박물관,2021-10-07,619
280,세계자동차&피아노박물관,2021-10-08,731
281,세계자동차&피아노박물관,2021-10-09,396
282,세계자동차&피아노박물관,2021-10-10,416
283,세계자동차&피아노박물관,2021-10-11,508
284,세계자동차&피아노박물관,2021-10-12,680
285,세계자동차&피아노박물관,2021-10-13,686
286,세계자동차&피아노박물관,2021-10-14,652
287,세계자동차&피아노박물관,2021-10-15,700
288,세계자동차&피아노박물관,2021-10-16,401
289,세계자동차&피아노박물관,2021-10-17,408
290,세계자동차&피아노박물관,2021-10-18,687
291,세계자동차&피아노박물관,2021-10-19,737
292,세계자동차&피아노박물관,2021-10-20,640
293,세계자동차&피아노박물관,2021-10-21,646
294,세계자동차&피아노박물관,2021-10-22,574
295,세계자동차&피아노박물관,2021-10-23,385
296,세계자동차&피아노박물관,2021-10-24,408
297,세계자동차&피아노박물관,2021-10-25,632
298,세계자동차&피아노박물관,2021-10-26,711
299,세계자동차&피아노박물관,2021-10-27,701
300,세계자동차&피아노박물관,2021-10-28,681
301,세계자동차&피아노박물관,2021-10-29,659
302,세계자동차&피아노박물관,2021-10-30,382
303,세계자동차&피아노박물관,2021-10-31,407
304,세계자동차&피아노박물관,2021-11-01,614
305,세계자동차&피아노박물관,2021-11-02,685
306,세계자동차&피아노박물관,2021-11-03,623
307,세계자동차&피아노박물관,2021-11-04,638
308,세계자동차&피아노박물관,2021-11-05,668
309,세계자동차&피아노박물관,2021-11-06,435
310,세계자동차&피아노박물관,2021-11-07,454
311,세계자동차&피아노박물관,2021-11-08,737
312,세계자동차&피아노박물관,2021-11-09,706
313,세계자동차&피아노박물관,2021-11-10,676
314,세계자동차&피아노박물관,2021-11-11,632
315,세계자동차&피아노박물관,2021-11-12,631
316,세계자동차&피아노박물관,2021-11-13,408
317,세계자동차&피아노박물관,2021-11-14,455
318,세계자동차&피아노박물관,2021-11-15,710
319,세계자동차&피아노박물관,2021-11-16,692
320,세계자동차&피아노박물관,2021-11-17,703
321,세계자동차&피아노박물관,2021-11-18,677
322,세계자동차&피아노박물관,2021-11-19,653
323,세계자동차&피아노박물관,2021-11-20,441
324,세계자동차&피아노박물관,2021-11-21,458
325,세계자동차&피아노박물관,2021-11-22,704
326,세계자동차&피아노박물관,2021-11-23,647
327,세계자동차&피아노박물관,2021-11-24,650
328,세계자동차&피아노박물관,2021-11-25,641
329,세계자동차&피아노박물관,2021-11-26,621
330,세계자동차&피아노박물관,2021-11-27,363
331,세계자동차&피아노박물관,2021-11-28,431
332,세계자동차&피아노박물관,2021-11-29,683
333,세계자동차&피아노박물관,2021-11-30,698
334,세계자동차&피아노박물관,2021-12-01,639
335,세계자동차&피아노박물관,2021-12-02,652
336,세계자동차&피아노박물관,2021-12-03,572
337,세계자동차&피아노박물관,2021-12-04,379
338,세계자동차&피아노박물관,2021-12-05,381
339,세계자동차&피아노박물관,2021-12-06,732
340,세계자동차&피아노박물관,2021-12-07,693
341,세계자동차&피아노박물관,2021-12-08,651
342,세계자동차&피아노박물관,2021-12-09,680
343,세계자동차&피아노박물관,2021-12-10,638
344,세계자동차&피아노박물관,2021-12-11,368
345,세계자동차&피아노박물관,2021-12-12,410
346,세계자동차&피아노박물관,2021-12-13,720
347,세계자동차&피아노박물관,2021-12-14,713
348,세계자동차&피아노박물관,2021-12-15,735
349,세계자동차&피아노박물관,2021-12-16,696
350,세계자동차&피아노박물관,2021-12-17,581
351,세계자동차&피아노박물관,2021-12-18,412
352,세계자동차&피아노박물관,2021-12-19,435
353,세계자동차&피아노박물관,2021-12-20,697
354,세계자동차&피아노박물관,2021-12-21,739
355,세계자동차&피아노박물관,2021-12-22,773
356,세계자동차&피아노박물관,2021-12-23,623
357,세계자동차&피아노박물관,2021-12-24,625
358,세계자동차&피아노박물관,2021-12-25,381
359,세계자동차&피아노박물관,2021-12-26,413
360,세계자동차&피아노박물관,2021-12-27,765
361,세계자동차&피아노박물관,2021-12-28,753
362,세계자동차&피아노박물관,2021-12-29,688
363,세계자동차&피아노박물관,2021-12-30,666
364,세계자동차&피아노박물관,2021-12-31,590
