﻿,관광지,날짜,버즈량
0,신창풍차해안도로,2021-01-01,8
1,신창풍차해안도로,2021-01-02,22
2,신창풍차해안도로,2021-01-03,19
3,신창풍차해안도로,2021-01-04,19
4,신창풍차해안도로,2021-01-05,17
5,신창풍차해안도로,2021-01-06,19
6,신창풍차해안도로,2021-01-07,22
7,신창풍차해안도로,2021-01-08,14
8,신창풍차해안도로,2021-01-09,23
9,신창풍차해안도로,2021-01-10,17
10,신창풍차해안도로,2021-01-11,18
11,신창풍차해안도로,2021-01-12,17
12,신창풍차해안도로,2021-01-13,19
13,신창풍차해안도로,2021-01-14,29
14,신창풍차해안도로,2021-01-15,24
15,신창풍차해안도로,2021-01-16,11
16,신창풍차해안도로,2021-01-17,18
17,신창풍차해안도로,2021-01-18,9
18,신창풍차해안도로,2021-01-19,22
19,신창풍차해안도로,2021-01-20,14
20,신창풍차해안도로,2021-01-21,19
21,신창풍차해안도로,2021-01-22,8
22,신창풍차해안도로,2021-01-23,6
23,신창풍차해안도로,2021-01-24,11
24,신창풍차해안도로,2021-01-25,11
25,신창풍차해안도로,2021-01-26,10
26,신창풍차해안도로,2021-01-27,17
27,신창풍차해안도로,2021-01-28,14
28,신창풍차해안도로,2021-01-29,16
29,신창풍차해안도로,2021-01-30,15
30,신창풍차해안도로,2021-01-31,15
31,신창풍차해안도로,2021-02-01,16
32,신창풍차해안도로,2021-02-02,12
33,신창풍차해안도로,2021-02-03,16
34,신창풍차해안도로,2021-02-04,12
35,신창풍차해안도로,2021-02-05,11
36,신창풍차해안도로,2021-02-06,11
37,신창풍차해안도로,2021-02-07,15
38,신창풍차해안도로,2021-02-08,12
39,신창풍차해안도로,2021-02-09,13
40,신창풍차해안도로,2021-02-10,14
41,신창풍차해안도로,2021-02-11,14
42,신창풍차해안도로,2021-02-12,10
43,신창풍차해안도로,2021-02-13,15
44,신창풍차해안도로,2021-02-14,13
45,신창풍차해안도로,2021-02-15,21
46,신창풍차해안도로,2021-02-16,13
47,신창풍차해안도로,2021-02-17,13
48,신창풍차해안도로,2021-02-18,15
49,신창풍차해안도로,2021-02-19,19
50,신창풍차해안도로,2021-02-20,8
51,신창풍차해안도로,2021-02-21,12
52,신창풍차해안도로,2021-02-22,19
53,신창풍차해안도로,2021-02-23,21
54,신창풍차해안도로,2021-02-24,25
55,신창풍차해안도로,2021-02-25,20
56,신창풍차해안도로,2021-02-26,19
57,신창풍차해안도로,2021-02-27,12
58,신창풍차해안도로,2021-02-28,16
59,신창풍차해안도로,2021-03-01,23
60,신창풍차해안도로,2021-03-02,31
61,신창풍차해안도로,2021-03-03,10
62,신창풍차해안도로,2021-03-04,20
63,신창풍차해안도로,2021-03-05,24
64,신창풍차해안도로,2021-03-06,17
65,신창풍차해안도로,2021-03-07,14
66,신창풍차해안도로,2021-03-08,16
67,신창풍차해안도로,2021-03-09,17
68,신창풍차해안도로,2021-03-10,23
69,신창풍차해안도로,2021-03-11,15
70,신창풍차해안도로,2021-03-12,23
71,신창풍차해안도로,2021-03-13,17
72,신창풍차해안도로,2021-03-14,16
73,신창풍차해안도로,2021-03-15,20
74,신창풍차해안도로,2021-03-16,18
75,신창풍차해안도로,2021-03-17,14
76,신창풍차해안도로,2021-03-18,19
77,신창풍차해안도로,2021-03-19,67
78,신창풍차해안도로,2021-03-20,25
79,신창풍차해안도로,2021-03-21,31
80,신창풍차해안도로,2021-03-22,30
81,신창풍차해안도로,2021-03-23,29
82,신창풍차해안도로,2021-03-24,31
83,신창풍차해안도로,2021-03-25,33
84,신창풍차해안도로,2021-03-26,27
85,신창풍차해안도로,2021-03-27,24
86,신창풍차해안도로,2021-03-28,17
87,신창풍차해안도로,2021-03-29,24
88,신창풍차해안도로,2021-03-30,26
89,신창풍차해안도로,2021-03-31,21
90,신창풍차해안도로,2021-04-01,23
91,신창풍차해안도로,2021-04-02,23
92,신창풍차해안도로,2021-04-03,16
93,신창풍차해안도로,2021-04-04,17
94,신창풍차해안도로,2021-04-05,19
95,신창풍차해안도로,2021-04-06,21
96,신창풍차해안도로,2021-04-07,24
97,신창풍차해안도로,2021-04-08,27
98,신창풍차해안도로,2021-04-09,14
99,신창풍차해안도로,2021-04-10,32
100,신창풍차해안도로,2021-04-11,29
101,신창풍차해안도로,2021-04-12,23
102,신창풍차해안도로,2021-04-13,33
103,신창풍차해안도로,2021-04-14,34
104,신창풍차해안도로,2021-04-15,35
105,신창풍차해안도로,2021-04-16,31
106,신창풍차해안도로,2021-04-17,24
107,신창풍차해안도로,2021-04-18,27
108,신창풍차해안도로,2021-04-19,48
109,신창풍차해안도로,2021-04-20,29
110,신창풍차해안도로,2021-04-21,55
111,신창풍차해안도로,2021-04-22,55
112,신창풍차해안도로,2021-04-23,41
113,신창풍차해안도로,2021-04-24,44
114,신창풍차해안도로,2021-04-25,57
115,신창풍차해안도로,2021-04-26,39
116,신창풍차해안도로,2021-04-27,21
117,신창풍차해안도로,2021-04-28,23
118,신창풍차해안도로,2021-04-29,40
119,신창풍차해안도로,2021-04-30,24
120,신창풍차해안도로,2021-05-01,23
121,신창풍차해안도로,2021-05-02,38
122,신창풍차해안도로,2021-05-03,38
123,신창풍차해안도로,2021-05-04,29
124,신창풍차해안도로,2021-05-05,26
125,신창풍차해안도로,2021-05-06,25
126,신창풍차해안도로,2021-05-07,22
127,신창풍차해안도로,2021-05-08,20
128,신창풍차해안도로,2021-05-09,18
129,신창풍차해안도로,2021-05-10,19
130,신창풍차해안도로,2021-05-11,22
131,신창풍차해안도로,2021-05-12,30
132,신창풍차해안도로,2021-05-13,29
133,신창풍차해안도로,2021-05-14,19
134,신창풍차해안도로,2021-05-15,24
135,신창풍차해안도로,2021-05-16,17
136,신창풍차해안도로,2021-05-17,21
137,신창풍차해안도로,2021-05-18,25
138,신창풍차해안도로,2021-05-19,26
139,신창풍차해안도로,2021-05-20,25
140,신창풍차해안도로,2021-05-21,26
141,신창풍차해안도로,2021-05-22,24
142,신창풍차해안도로,2021-05-23,33
143,신창풍차해안도로,2021-05-24,18
144,신창풍차해안도로,2021-05-25,34
145,신창풍차해안도로,2021-05-26,25
146,신창풍차해안도로,2021-05-27,21
147,신창풍차해안도로,2021-05-28,30
148,신창풍차해안도로,2021-05-29,20
149,신창풍차해안도로,2021-05-30,27
150,신창풍차해안도로,2021-05-31,29
151,신창풍차해안도로,2021-06-01,32
152,신창풍차해안도로,2021-06-02,22
153,신창풍차해안도로,2021-06-03,33
154,신창풍차해안도로,2021-06-04,19
155,신창풍차해안도로,2021-06-05,20
156,신창풍차해안도로,2021-06-06,19
157,신창풍차해안도로,2021-06-07,28
158,신창풍차해안도로,2021-06-08,21
159,신창풍차해안도로,2021-06-09,22
160,신창풍차해안도로,2021-06-10,30
161,신창풍차해안도로,2021-06-11,22
162,신창풍차해안도로,2021-06-12,13
163,신창풍차해안도로,2021-06-13,17
164,신창풍차해안도로,2021-06-14,22
165,신창풍차해안도로,2021-06-15,22
166,신창풍차해안도로,2021-06-16,33
167,신창풍차해안도로,2021-06-17,26
168,신창풍차해안도로,2021-06-18,40
169,신창풍차해안도로,2021-06-19,19
170,신창풍차해안도로,2021-06-20,17
171,신창풍차해안도로,2021-06-21,30
172,신창풍차해안도로,2021-06-22,36
173,신창풍차해안도로,2021-06-23,21
174,신창풍차해안도로,2021-06-24,21
175,신창풍차해안도로,2021-06-25,24
176,신창풍차해안도로,2021-06-26,31
177,신창풍차해안도로,2021-06-27,27
178,신창풍차해안도로,2021-06-28,18
179,신창풍차해안도로,2021-06-29,21
180,신창풍차해안도로,2021-06-30,30
181,신창풍차해안도로,2021-07-01,26
182,신창풍차해안도로,2021-07-02,23
183,신창풍차해안도로,2021-07-03,21
184,신창풍차해안도로,2021-07-04,20
185,신창풍차해안도로,2021-07-05,30
186,신창풍차해안도로,2021-07-06,21
187,신창풍차해안도로,2021-07-07,21
188,신창풍차해안도로,2021-07-08,32
189,신창풍차해안도로,2021-07-09,22
190,신창풍차해안도로,2021-07-10,21
191,신창풍차해안도로,2021-07-11,14
192,신창풍차해안도로,2021-07-12,22
193,신창풍차해안도로,2021-07-13,18
194,신창풍차해안도로,2021-07-14,28
195,신창풍차해안도로,2021-07-15,36
196,신창풍차해안도로,2021-07-16,31
197,신창풍차해안도로,2021-07-17,22
198,신창풍차해안도로,2021-07-18,39
199,신창풍차해안도로,2021-07-19,23
200,신창풍차해안도로,2021-07-20,34
201,신창풍차해안도로,2021-07-21,24
202,신창풍차해안도로,2021-07-22,20
203,신창풍차해안도로,2021-07-23,31
204,신창풍차해안도로,2021-07-24,23
205,신창풍차해안도로,2021-07-25,16
206,신창풍차해안도로,2021-07-26,29
207,신창풍차해안도로,2021-07-27,30
208,신창풍차해안도로,2021-07-28,23
209,신창풍차해안도로,2021-07-29,16
210,신창풍차해안도로,2021-07-30,26
211,신창풍차해안도로,2021-07-31,15
212,신창풍차해안도로,2021-08-01,20
213,신창풍차해안도로,2021-08-02,24
214,신창풍차해안도로,2021-08-03,22
215,신창풍차해안도로,2021-08-04,16
216,신창풍차해안도로,2021-08-05,30
217,신창풍차해안도로,2021-08-06,23
218,신창풍차해안도로,2021-08-07,21
219,신창풍차해안도로,2021-08-08,0
220,신창풍차해안도로,2021-08-09,26
221,신창풍차해안도로,2021-08-10,25
222,신창풍차해안도로,2021-08-11,15
223,신창풍차해안도로,2021-08-12,26
224,신창풍차해안도로,2021-08-13,30
225,신창풍차해안도로,2021-08-14,18
226,신창풍차해안도로,2021-08-15,23
227,신창풍차해안도로,2021-08-16,26
228,신창풍차해안도로,2021-08-17,28
229,신창풍차해안도로,2021-08-18,25
230,신창풍차해안도로,2021-08-19,24
231,신창풍차해안도로,2021-08-20,14
232,신창풍차해안도로,2021-08-21,13
233,신창풍차해안도로,2021-08-22,19
234,신창풍차해안도로,2021-08-23,26
235,신창풍차해안도로,2021-08-24,24
236,신창풍차해안도로,2021-08-25,24
237,신창풍차해안도로,2021-08-26,16
238,신창풍차해안도로,2021-08-27,24
239,신창풍차해안도로,2021-08-28,21
240,신창풍차해안도로,2021-08-29,19
241,신창풍차해안도로,2021-08-30,29
242,신창풍차해안도로,2021-08-31,25
243,신창풍차해안도로,2021-09-01,26
244,신창풍차해안도로,2021-09-02,17
245,신창풍차해안도로,2021-09-03,23
246,신창풍차해안도로,2021-09-04,14
247,신창풍차해안도로,2021-09-05,15
248,신창풍차해안도로,2021-09-06,21
249,신창풍차해안도로,2021-09-07,21
250,신창풍차해안도로,2021-09-08,21
251,신창풍차해안도로,2021-09-09,21
252,신창풍차해안도로,2021-09-10,15
253,신창풍차해안도로,2021-09-11,16
254,신창풍차해안도로,2021-09-12,17
255,신창풍차해안도로,2021-09-13,17
256,신창풍차해안도로,2021-09-14,15
257,신창풍차해안도로,2021-09-15,20
258,신창풍차해안도로,2021-09-16,15
259,신창풍차해안도로,2021-09-17,17
260,신창풍차해안도로,2021-09-18,10
261,신창풍차해안도로,2021-09-19,11
262,신창풍차해안도로,2021-09-20,14
263,신창풍차해안도로,2021-09-21,19
264,신창풍차해안도로,2021-09-22,18
265,신창풍차해안도로,2021-09-23,24
266,신창풍차해안도로,2021-09-24,19
267,신창풍차해안도로,2021-09-25,24
268,신창풍차해안도로,2021-09-26,18
269,신창풍차해안도로,2021-09-27,26
270,신창풍차해안도로,2021-09-28,25
271,신창풍차해안도로,2021-09-29,35
272,신창풍차해안도로,2021-09-30,21
273,신창풍차해안도로,2021-10-01,26
274,신창풍차해안도로,2021-10-02,28
275,신창풍차해안도로,2021-10-03,20
276,신창풍차해안도로,2021-10-04,34
277,신창풍차해안도로,2021-10-05,34
278,신창풍차해안도로,2021-10-06,25
279,신창풍차해안도로,2021-10-07,25
280,신창풍차해안도로,2021-10-08,33
281,신창풍차해안도로,2021-10-09,25
282,신창풍차해안도로,2021-10-10,23
283,신창풍차해안도로,2021-10-11,27
284,신창풍차해안도로,2021-10-12,28
285,신창풍차해안도로,2021-10-13,41
286,신창풍차해안도로,2021-10-14,23
287,신창풍차해안도로,2021-10-15,25
288,신창풍차해안도로,2021-10-16,24
289,신창풍차해안도로,2021-10-17,41
290,신창풍차해안도로,2021-10-18,33
291,신창풍차해안도로,2021-10-19,24
292,신창풍차해안도로,2021-10-20,30
293,신창풍차해안도로,2021-10-21,34
294,신창풍차해안도로,2021-10-22,29
295,신창풍차해안도로,2021-10-23,25
296,신창풍차해안도로,2021-10-24,29
297,신창풍차해안도로,2021-10-25,26
298,신창풍차해안도로,2021-10-26,31
299,신창풍차해안도로,2021-10-27,31
300,신창풍차해안도로,2021-10-28,33
301,신창풍차해안도로,2021-10-29,24
302,신창풍차해안도로,2021-10-30,29
303,신창풍차해안도로,2021-10-31,28
304,신창풍차해안도로,2021-11-01,28
305,신창풍차해안도로,2021-11-02,29
306,신창풍차해안도로,2021-11-03,19
307,신창풍차해안도로,2021-11-04,36
308,신창풍차해안도로,2021-11-05,24
309,신창풍차해안도로,2021-11-06,29
310,신창풍차해안도로,2021-11-07,25
311,신창풍차해안도로,2021-11-08,27
312,신창풍차해안도로,2021-11-09,25
313,신창풍차해안도로,2021-11-10,25
314,신창풍차해안도로,2021-11-11,34
315,신창풍차해안도로,2021-11-12,40
316,신창풍차해안도로,2021-11-13,25
317,신창풍차해안도로,2021-11-14,21
318,신창풍차해안도로,2021-11-15,32
319,신창풍차해안도로,2021-11-16,33
320,신창풍차해안도로,2021-11-17,38
321,신창풍차해안도로,2021-11-18,34
322,신창풍차해안도로,2021-11-19,32
323,신창풍차해안도로,2021-11-20,32
324,신창풍차해안도로,2021-11-21,31
325,신창풍차해안도로,2021-11-22,36
326,신창풍차해안도로,2021-11-23,35
327,신창풍차해안도로,2021-11-24,28
328,신창풍차해안도로,2021-11-25,33
329,신창풍차해안도로,2021-11-26,40
330,신창풍차해안도로,2021-11-27,18
331,신창풍차해안도로,2021-11-28,21
332,신창풍차해안도로,2021-11-29,34
333,신창풍차해안도로,2021-11-30,35
334,신창풍차해안도로,2021-12-01,26
335,신창풍차해안도로,2021-12-02,28
336,신창풍차해안도로,2021-12-03,24
337,신창풍차해안도로,2021-12-04,14
338,신창풍차해안도로,2021-12-05,15
339,신창풍차해안도로,2021-12-06,18
340,신창풍차해안도로,2021-12-07,16
341,신창풍차해안도로,2021-12-08,33
342,신창풍차해안도로,2021-12-09,23
343,신창풍차해안도로,2021-12-10,24
344,신창풍차해안도로,2021-12-11,8
345,신창풍차해안도로,2021-12-12,13
346,신창풍차해안도로,2021-12-13,20
347,신창풍차해안도로,2021-12-14,25
348,신창풍차해안도로,2021-12-15,20
349,신창풍차해안도로,2021-12-16,21
350,신창풍차해안도로,2021-12-17,22
351,신창풍차해안도로,2021-12-18,19
352,신창풍차해안도로,2021-12-19,17
353,신창풍차해안도로,2021-12-20,25
354,신창풍차해안도로,2021-12-21,18
355,신창풍차해안도로,2021-12-22,24
356,신창풍차해안도로,2021-12-23,26
357,신창풍차해안도로,2021-12-24,20
358,신창풍차해안도로,2021-12-25,13
359,신창풍차해안도로,2021-12-26,10
360,신창풍차해안도로,2021-12-27,31
361,신창풍차해안도로,2021-12-28,20
362,신창풍차해안도로,2021-12-29,22
363,신창풍차해안도로,2021-12-30,22
364,신창풍차해안도로,2021-12-31,30
