﻿,관광지,날짜,버즈량
0,신양섭지해수욕장,2021-01-01,0
1,신양섭지해수욕장,2021-01-02,1
2,신양섭지해수욕장,2021-01-03,1
3,신양섭지해수욕장,2021-01-04,0
4,신양섭지해수욕장,2021-01-05,1
5,신양섭지해수욕장,2021-01-06,0
6,신양섭지해수욕장,2021-01-07,0
7,신양섭지해수욕장,2021-01-08,0
8,신양섭지해수욕장,2021-01-09,1
9,신양섭지해수욕장,2021-01-10,2
10,신양섭지해수욕장,2021-01-11,1
11,신양섭지해수욕장,2021-01-12,0
12,신양섭지해수욕장,2021-01-13,2
13,신양섭지해수욕장,2021-01-14,3
14,신양섭지해수욕장,2021-01-15,1
15,신양섭지해수욕장,2021-01-16,1
16,신양섭지해수욕장,2021-01-17,4
17,신양섭지해수욕장,2021-01-18,1
18,신양섭지해수욕장,2021-01-19,1
19,신양섭지해수욕장,2021-01-20,0
20,신양섭지해수욕장,2021-01-21,1
21,신양섭지해수욕장,2021-01-22,1
22,신양섭지해수욕장,2021-01-23,1
23,신양섭지해수욕장,2021-01-24,0
24,신양섭지해수욕장,2021-01-25,0
25,신양섭지해수욕장,2021-01-26,7
26,신양섭지해수욕장,2021-01-27,2
27,신양섭지해수욕장,2021-01-28,4
28,신양섭지해수욕장,2021-01-29,1
29,신양섭지해수욕장,2021-01-30,2
30,신양섭지해수욕장,2021-01-31,2
31,신양섭지해수욕장,2021-02-01,1
32,신양섭지해수욕장,2021-02-02,0
33,신양섭지해수욕장,2021-02-03,2
34,신양섭지해수욕장,2021-02-04,0
35,신양섭지해수욕장,2021-02-05,1
36,신양섭지해수욕장,2021-02-06,0
37,신양섭지해수욕장,2021-02-07,0
38,신양섭지해수욕장,2021-02-08,2
39,신양섭지해수욕장,2021-02-09,1
40,신양섭지해수욕장,2021-02-10,0
41,신양섭지해수욕장,2021-02-11,1
42,신양섭지해수욕장,2021-02-12,1
43,신양섭지해수욕장,2021-02-13,0
44,신양섭지해수욕장,2021-02-14,0
45,신양섭지해수욕장,2021-02-15,1
46,신양섭지해수욕장,2021-02-16,3
47,신양섭지해수욕장,2021-02-17,2
48,신양섭지해수욕장,2021-02-18,0
49,신양섭지해수욕장,2021-02-19,2
50,신양섭지해수욕장,2021-02-20,1
51,신양섭지해수욕장,2021-02-21,4
52,신양섭지해수욕장,2021-02-22,4
53,신양섭지해수욕장,2021-02-23,2
54,신양섭지해수욕장,2021-02-24,1
55,신양섭지해수욕장,2021-02-25,0
56,신양섭지해수욕장,2021-02-26,1
57,신양섭지해수욕장,2021-02-27,1
58,신양섭지해수욕장,2021-02-28,1
59,신양섭지해수욕장,2021-03-01,3
60,신양섭지해수욕장,2021-03-02,1
61,신양섭지해수욕장,2021-03-03,1
62,신양섭지해수욕장,2021-03-04,3
63,신양섭지해수욕장,2021-03-05,1
64,신양섭지해수욕장,2021-03-06,2
65,신양섭지해수욕장,2021-03-07,1
66,신양섭지해수욕장,2021-03-08,1
67,신양섭지해수욕장,2021-03-09,1
68,신양섭지해수욕장,2021-03-10,3
69,신양섭지해수욕장,2021-03-11,1
70,신양섭지해수욕장,2021-03-12,3
71,신양섭지해수욕장,2021-03-13,2
72,신양섭지해수욕장,2021-03-14,1
73,신양섭지해수욕장,2021-03-15,2
74,신양섭지해수욕장,2021-03-16,5
75,신양섭지해수욕장,2021-03-17,3
76,신양섭지해수욕장,2021-03-18,3
77,신양섭지해수욕장,2021-03-19,1
78,신양섭지해수욕장,2021-03-20,3
79,신양섭지해수욕장,2021-03-21,1
80,신양섭지해수욕장,2021-03-22,4
81,신양섭지해수욕장,2021-03-23,2
82,신양섭지해수욕장,2021-03-24,4
83,신양섭지해수욕장,2021-03-25,4
84,신양섭지해수욕장,2021-03-26,3
85,신양섭지해수욕장,2021-03-27,4
86,신양섭지해수욕장,2021-03-28,3
87,신양섭지해수욕장,2021-03-29,2
88,신양섭지해수욕장,2021-03-30,0
89,신양섭지해수욕장,2021-03-31,2
90,신양섭지해수욕장,2021-04-01,3
91,신양섭지해수욕장,2021-04-02,2
92,신양섭지해수욕장,2021-04-03,2
93,신양섭지해수욕장,2021-04-04,1
94,신양섭지해수욕장,2021-04-05,2
95,신양섭지해수욕장,2021-04-06,2
96,신양섭지해수욕장,2021-04-07,1
97,신양섭지해수욕장,2021-04-08,3
98,신양섭지해수욕장,2021-04-09,1
99,신양섭지해수욕장,2021-04-10,3
100,신양섭지해수욕장,2021-04-11,4
101,신양섭지해수욕장,2021-04-12,5
102,신양섭지해수욕장,2021-04-13,2
103,신양섭지해수욕장,2021-04-14,2
104,신양섭지해수욕장,2021-04-15,1
105,신양섭지해수욕장,2021-04-16,5
106,신양섭지해수욕장,2021-04-17,3
107,신양섭지해수욕장,2021-04-18,5
108,신양섭지해수욕장,2021-04-19,4
109,신양섭지해수욕장,2021-04-20,3
110,신양섭지해수욕장,2021-04-21,7
111,신양섭지해수욕장,2021-04-22,5
112,신양섭지해수욕장,2021-04-23,4
113,신양섭지해수욕장,2021-04-24,9
114,신양섭지해수욕장,2021-04-25,2
115,신양섭지해수욕장,2021-04-26,2
116,신양섭지해수욕장,2021-04-27,3
117,신양섭지해수욕장,2021-04-28,1
118,신양섭지해수욕장,2021-04-29,4
119,신양섭지해수욕장,2021-04-30,1
120,신양섭지해수욕장,2021-05-01,3
121,신양섭지해수욕장,2021-05-02,2
122,신양섭지해수욕장,2021-05-03,1
123,신양섭지해수욕장,2021-05-04,2
124,신양섭지해수욕장,2021-05-05,4
125,신양섭지해수욕장,2021-05-06,4
126,신양섭지해수욕장,2021-05-07,7
127,신양섭지해수욕장,2021-05-08,5
128,신양섭지해수욕장,2021-05-09,3
129,신양섭지해수욕장,2021-05-10,4
130,신양섭지해수욕장,2021-05-11,2
131,신양섭지해수욕장,2021-05-12,2
132,신양섭지해수욕장,2021-05-13,5
133,신양섭지해수욕장,2021-05-14,5
134,신양섭지해수욕장,2021-05-15,3
135,신양섭지해수욕장,2021-05-16,1
136,신양섭지해수욕장,2021-05-17,3
137,신양섭지해수욕장,2021-05-18,3
138,신양섭지해수욕장,2021-05-19,1
139,신양섭지해수욕장,2021-05-20,8
140,신양섭지해수욕장,2021-05-21,2
141,신양섭지해수욕장,2021-05-22,1
142,신양섭지해수욕장,2021-05-23,2
143,신양섭지해수욕장,2021-05-24,0
144,신양섭지해수욕장,2021-05-25,4
145,신양섭지해수욕장,2021-05-26,6
146,신양섭지해수욕장,2021-05-27,3
147,신양섭지해수욕장,2021-05-28,2
148,신양섭지해수욕장,2021-05-29,0
149,신양섭지해수욕장,2021-05-30,1
150,신양섭지해수욕장,2021-05-31,0
151,신양섭지해수욕장,2021-06-01,1
152,신양섭지해수욕장,2021-06-02,3
153,신양섭지해수욕장,2021-06-03,4
154,신양섭지해수욕장,2021-06-04,1
155,신양섭지해수욕장,2021-06-05,5
156,신양섭지해수욕장,2021-06-06,34
157,신양섭지해수욕장,2021-06-07,3
158,신양섭지해수욕장,2021-06-08,6
159,신양섭지해수욕장,2021-06-09,1
160,신양섭지해수욕장,2021-06-10,3
161,신양섭지해수욕장,2021-06-11,0
162,신양섭지해수욕장,2021-06-12,1
163,신양섭지해수욕장,2021-06-13,2
164,신양섭지해수욕장,2021-06-14,5
165,신양섭지해수욕장,2021-06-15,3
166,신양섭지해수욕장,2021-06-16,6
167,신양섭지해수욕장,2021-06-17,5
168,신양섭지해수욕장,2021-06-18,3
169,신양섭지해수욕장,2021-06-19,0
170,신양섭지해수욕장,2021-06-20,1
171,신양섭지해수욕장,2021-06-21,5
172,신양섭지해수욕장,2021-06-22,4
173,신양섭지해수욕장,2021-06-23,6
174,신양섭지해수욕장,2021-06-24,2
175,신양섭지해수욕장,2021-06-25,4
176,신양섭지해수욕장,2021-06-26,4
177,신양섭지해수욕장,2021-06-27,2
178,신양섭지해수욕장,2021-06-28,6
179,신양섭지해수욕장,2021-06-29,5
180,신양섭지해수욕장,2021-06-30,5
181,신양섭지해수욕장,2021-07-01,2
182,신양섭지해수욕장,2021-07-02,0
183,신양섭지해수욕장,2021-07-03,4
184,신양섭지해수욕장,2021-07-04,3
185,신양섭지해수욕장,2021-07-05,5
186,신양섭지해수욕장,2021-07-06,5
187,신양섭지해수욕장,2021-07-07,4
188,신양섭지해수욕장,2021-07-08,5
189,신양섭지해수욕장,2021-07-09,2
190,신양섭지해수욕장,2021-07-10,4
191,신양섭지해수욕장,2021-07-11,3
192,신양섭지해수욕장,2021-07-12,1
193,신양섭지해수욕장,2021-07-13,5
194,신양섭지해수욕장,2021-07-14,2
195,신양섭지해수욕장,2021-07-15,5
196,신양섭지해수욕장,2021-07-16,7
197,신양섭지해수욕장,2021-07-17,2
198,신양섭지해수욕장,2021-07-18,1
199,신양섭지해수욕장,2021-07-19,6
200,신양섭지해수욕장,2021-07-20,5
201,신양섭지해수욕장,2021-07-21,4
202,신양섭지해수욕장,2021-07-22,5
203,신양섭지해수욕장,2021-07-23,11
204,신양섭지해수욕장,2021-07-24,3
205,신양섭지해수욕장,2021-07-25,3
206,신양섭지해수욕장,2021-07-26,5
207,신양섭지해수욕장,2021-07-27,1
208,신양섭지해수욕장,2021-07-28,3
209,신양섭지해수욕장,2021-07-29,5
210,신양섭지해수욕장,2021-07-30,7
211,신양섭지해수욕장,2021-07-31,3
212,신양섭지해수욕장,2021-08-01,2
213,신양섭지해수욕장,2021-08-02,8
214,신양섭지해수욕장,2021-08-03,7
215,신양섭지해수욕장,2021-08-04,5
216,신양섭지해수욕장,2021-08-05,4
217,신양섭지해수욕장,2021-08-06,3
218,신양섭지해수욕장,2021-08-07,2
219,신양섭지해수욕장,2021-08-08,1
220,신양섭지해수욕장,2021-08-09,3
221,신양섭지해수욕장,2021-08-10,5
222,신양섭지해수욕장,2021-08-11,4
223,신양섭지해수욕장,2021-08-12,8
224,신양섭지해수욕장,2021-08-13,3
225,신양섭지해수욕장,2021-08-14,2
226,신양섭지해수욕장,2021-08-15,4
227,신양섭지해수욕장,2021-08-16,14
228,신양섭지해수욕장,2021-08-17,10
229,신양섭지해수욕장,2021-08-18,9
230,신양섭지해수욕장,2021-08-19,7
231,신양섭지해수욕장,2021-08-20,1
232,신양섭지해수욕장,2021-08-21,6
233,신양섭지해수욕장,2021-08-22,5
234,신양섭지해수욕장,2021-08-23,6
235,신양섭지해수욕장,2021-08-24,6
236,신양섭지해수욕장,2021-08-25,4
237,신양섭지해수욕장,2021-08-26,1
238,신양섭지해수욕장,2021-08-27,4
239,신양섭지해수욕장,2021-08-28,0
240,신양섭지해수욕장,2021-08-29,3
241,신양섭지해수욕장,2021-08-30,4
242,신양섭지해수욕장,2021-08-31,4
243,신양섭지해수욕장,2021-09-01,7
244,신양섭지해수욕장,2021-09-02,3
245,신양섭지해수욕장,2021-09-03,4
246,신양섭지해수욕장,2021-09-04,4
247,신양섭지해수욕장,2021-09-05,3
248,신양섭지해수욕장,2021-09-06,2
249,신양섭지해수욕장,2021-09-07,5
250,신양섭지해수욕장,2021-09-08,3
251,신양섭지해수욕장,2021-09-09,4
252,신양섭지해수욕장,2021-09-10,6
253,신양섭지해수욕장,2021-09-11,0
254,신양섭지해수욕장,2021-09-12,2
255,신양섭지해수욕장,2021-09-13,5
256,신양섭지해수욕장,2021-09-14,4
257,신양섭지해수욕장,2021-09-15,2
258,신양섭지해수욕장,2021-09-16,4
259,신양섭지해수욕장,2021-09-17,5
260,신양섭지해수욕장,2021-09-18,2
261,신양섭지해수욕장,2021-09-19,2
262,신양섭지해수욕장,2021-09-20,4
263,신양섭지해수욕장,2021-09-21,1
264,신양섭지해수욕장,2021-09-22,2
265,신양섭지해수욕장,2021-09-23,4
266,신양섭지해수욕장,2021-09-24,7
267,신양섭지해수욕장,2021-09-25,6
268,신양섭지해수욕장,2021-09-26,2
269,신양섭지해수욕장,2021-09-27,3
270,신양섭지해수욕장,2021-09-28,4
271,신양섭지해수욕장,2021-09-29,5
272,신양섭지해수욕장,2021-09-30,6
273,신양섭지해수욕장,2021-10-01,4
274,신양섭지해수욕장,2021-10-02,0
275,신양섭지해수욕장,2021-10-03,5
276,신양섭지해수욕장,2021-10-04,1
277,신양섭지해수욕장,2021-10-05,5
278,신양섭지해수욕장,2021-10-06,7
279,신양섭지해수욕장,2021-10-07,5
280,신양섭지해수욕장,2021-10-08,3
281,신양섭지해수욕장,2021-10-09,5
282,신양섭지해수욕장,2021-10-10,4
283,신양섭지해수욕장,2021-10-11,5
284,신양섭지해수욕장,2021-10-12,2
285,신양섭지해수욕장,2021-10-13,5
286,신양섭지해수욕장,2021-10-14,3
287,신양섭지해수욕장,2021-10-15,3
288,신양섭지해수욕장,2021-10-16,3
289,신양섭지해수욕장,2021-10-17,3
290,신양섭지해수욕장,2021-10-18,5
291,신양섭지해수욕장,2021-10-19,0
292,신양섭지해수욕장,2021-10-20,2
293,신양섭지해수욕장,2021-10-21,1
294,신양섭지해수욕장,2021-10-22,6
295,신양섭지해수욕장,2021-10-23,2
296,신양섭지해수욕장,2021-10-24,4
297,신양섭지해수욕장,2021-10-25,5
298,신양섭지해수욕장,2021-10-26,9
299,신양섭지해수욕장,2021-10-27,8
300,신양섭지해수욕장,2021-10-28,8
301,신양섭지해수욕장,2021-10-29,4
302,신양섭지해수욕장,2021-10-30,3
303,신양섭지해수욕장,2021-10-31,6
304,신양섭지해수욕장,2021-11-01,5
305,신양섭지해수욕장,2021-11-02,6
306,신양섭지해수욕장,2021-11-03,3
307,신양섭지해수욕장,2021-11-04,4
308,신양섭지해수욕장,2021-11-05,5
309,신양섭지해수욕장,2021-11-06,1
310,신양섭지해수욕장,2021-11-07,4
311,신양섭지해수욕장,2021-11-08,7
312,신양섭지해수욕장,2021-11-09,6
313,신양섭지해수욕장,2021-11-10,7
314,신양섭지해수욕장,2021-11-11,3
315,신양섭지해수욕장,2021-11-12,4
316,신양섭지해수욕장,2021-11-13,4
317,신양섭지해수욕장,2021-11-14,6
318,신양섭지해수욕장,2021-11-15,6
319,신양섭지해수욕장,2021-11-16,5
320,신양섭지해수욕장,2021-11-17,8
321,신양섭지해수욕장,2021-11-18,2
322,신양섭지해수욕장,2021-11-19,0
323,신양섭지해수욕장,2021-11-20,4
324,신양섭지해수욕장,2021-11-21,2
325,신양섭지해수욕장,2021-11-22,4
326,신양섭지해수욕장,2021-11-23,4
327,신양섭지해수욕장,2021-11-24,2
328,신양섭지해수욕장,2021-11-25,2
329,신양섭지해수욕장,2021-11-26,4
330,신양섭지해수욕장,2021-11-27,0
331,신양섭지해수욕장,2021-11-28,1
332,신양섭지해수욕장,2021-11-29,4
333,신양섭지해수욕장,2021-11-30,0
334,신양섭지해수욕장,2021-12-01,5
335,신양섭지해수욕장,2021-12-02,2
336,신양섭지해수욕장,2021-12-03,0
337,신양섭지해수욕장,2021-12-04,3
338,신양섭지해수욕장,2021-12-05,2
339,신양섭지해수욕장,2021-12-06,3
340,신양섭지해수욕장,2021-12-07,4
341,신양섭지해수욕장,2021-12-08,3
342,신양섭지해수욕장,2021-12-09,4
343,신양섭지해수욕장,2021-12-10,4
344,신양섭지해수욕장,2021-12-11,4
345,신양섭지해수욕장,2021-12-12,2
346,신양섭지해수욕장,2021-12-13,1
347,신양섭지해수욕장,2021-12-14,4
348,신양섭지해수욕장,2021-12-15,1
349,신양섭지해수욕장,2021-12-16,1
350,신양섭지해수욕장,2021-12-17,3
351,신양섭지해수욕장,2021-12-18,1
352,신양섭지해수욕장,2021-12-19,6
353,신양섭지해수욕장,2021-12-20,3
354,신양섭지해수욕장,2021-12-21,1
355,신양섭지해수욕장,2021-12-22,2
356,신양섭지해수욕장,2021-12-23,1
357,신양섭지해수욕장,2021-12-24,2
358,신양섭지해수욕장,2021-12-25,0
359,신양섭지해수욕장,2021-12-26,2
360,신양섭지해수욕장,2021-12-27,3
361,신양섭지해수욕장,2021-12-28,1
362,신양섭지해수욕장,2021-12-29,0
363,신양섭지해수욕장,2021-12-30,2
364,신양섭지해수욕장,2021-12-31,6
