﻿,관광지,날짜,버즈량
0,우도도항선선착장,2021-01-01,2
1,우도도항선선착장,2021-01-02,3
2,우도도항선선착장,2021-01-03,0
3,우도도항선선착장,2021-01-04,0
4,우도도항선선착장,2021-01-05,0
5,우도도항선선착장,2021-01-06,0
6,우도도항선선착장,2021-01-07,1
7,우도도항선선착장,2021-01-08,0
8,우도도항선선착장,2021-01-09,1
9,우도도항선선착장,2021-01-10,1
10,우도도항선선착장,2021-01-11,1
11,우도도항선선착장,2021-01-12,1
12,우도도항선선착장,2021-01-13,0
13,우도도항선선착장,2021-01-14,0
14,우도도항선선착장,2021-01-15,0
15,우도도항선선착장,2021-01-16,0
16,우도도항선선착장,2021-01-17,0
17,우도도항선선착장,2021-01-18,0
18,우도도항선선착장,2021-01-19,0
19,우도도항선선착장,2021-01-20,0
20,우도도항선선착장,2021-01-21,0
21,우도도항선선착장,2021-01-22,0
22,우도도항선선착장,2021-01-23,0
23,우도도항선선착장,2021-01-24,0
24,우도도항선선착장,2021-01-25,0
25,우도도항선선착장,2021-01-26,1
26,우도도항선선착장,2021-01-27,0
27,우도도항선선착장,2021-01-28,0
28,우도도항선선착장,2021-01-29,0
29,우도도항선선착장,2021-01-30,0
30,우도도항선선착장,2021-01-31,2
31,우도도항선선착장,2021-02-01,0
32,우도도항선선착장,2021-02-02,0
33,우도도항선선착장,2021-02-03,0
34,우도도항선선착장,2021-02-04,0
35,우도도항선선착장,2021-02-05,1
36,우도도항선선착장,2021-02-06,0
37,우도도항선선착장,2021-02-07,0
38,우도도항선선착장,2021-02-08,0
39,우도도항선선착장,2021-02-09,0
40,우도도항선선착장,2021-02-10,1
41,우도도항선선착장,2021-02-11,1
42,우도도항선선착장,2021-02-12,0
43,우도도항선선착장,2021-02-13,0
44,우도도항선선착장,2021-02-14,0
45,우도도항선선착장,2021-02-15,0
46,우도도항선선착장,2021-02-16,0
47,우도도항선선착장,2021-02-17,0
48,우도도항선선착장,2021-02-18,0
49,우도도항선선착장,2021-02-19,0
50,우도도항선선착장,2021-02-20,0
51,우도도항선선착장,2021-02-21,0
52,우도도항선선착장,2021-02-22,2
53,우도도항선선착장,2021-02-23,2
54,우도도항선선착장,2021-02-24,0
55,우도도항선선착장,2021-02-25,0
56,우도도항선선착장,2021-02-26,1
57,우도도항선선착장,2021-02-27,0
58,우도도항선선착장,2021-02-28,0
59,우도도항선선착장,2021-03-01,1
60,우도도항선선착장,2021-03-02,0
61,우도도항선선착장,2021-03-03,0
62,우도도항선선착장,2021-03-04,0
63,우도도항선선착장,2021-03-05,0
64,우도도항선선착장,2021-03-06,2
65,우도도항선선착장,2021-03-07,1
66,우도도항선선착장,2021-03-08,1
67,우도도항선선착장,2021-03-09,2
68,우도도항선선착장,2021-03-10,0
69,우도도항선선착장,2021-03-11,0
70,우도도항선선착장,2021-03-12,1
71,우도도항선선착장,2021-03-13,2
72,우도도항선선착장,2021-03-14,1
73,우도도항선선착장,2021-03-15,0
74,우도도항선선착장,2021-03-16,0
75,우도도항선선착장,2021-03-17,1
76,우도도항선선착장,2021-03-18,1
77,우도도항선선착장,2021-03-19,0
78,우도도항선선착장,2021-03-20,0
79,우도도항선선착장,2021-03-21,0
80,우도도항선선착장,2021-03-22,1
81,우도도항선선착장,2021-03-23,0
82,우도도항선선착장,2021-03-24,0
83,우도도항선선착장,2021-03-25,0
84,우도도항선선착장,2021-03-26,1
85,우도도항선선착장,2021-03-27,0
86,우도도항선선착장,2021-03-28,0
87,우도도항선선착장,2021-03-29,0
88,우도도항선선착장,2021-03-30,3
89,우도도항선선착장,2021-03-31,0
90,우도도항선선착장,2021-04-01,0
91,우도도항선선착장,2021-04-02,1
92,우도도항선선착장,2021-04-03,0
93,우도도항선선착장,2021-04-04,1
94,우도도항선선착장,2021-04-05,0
95,우도도항선선착장,2021-04-06,0
96,우도도항선선착장,2021-04-07,1
97,우도도항선선착장,2021-04-08,2
98,우도도항선선착장,2021-04-09,1
99,우도도항선선착장,2021-04-10,2
100,우도도항선선착장,2021-04-11,0
101,우도도항선선착장,2021-04-12,2
102,우도도항선선착장,2021-04-13,0
103,우도도항선선착장,2021-04-14,0
104,우도도항선선착장,2021-04-15,0
105,우도도항선선착장,2021-04-16,1
106,우도도항선선착장,2021-04-17,0
107,우도도항선선착장,2021-04-18,0
108,우도도항선선착장,2021-04-19,0
109,우도도항선선착장,2021-04-20,1
110,우도도항선선착장,2021-04-21,0
111,우도도항선선착장,2021-04-22,0
112,우도도항선선착장,2021-04-23,1
113,우도도항선선착장,2021-04-24,0
114,우도도항선선착장,2021-04-25,1
115,우도도항선선착장,2021-04-26,0
116,우도도항선선착장,2021-04-27,0
117,우도도항선선착장,2021-04-28,3
118,우도도항선선착장,2021-04-29,0
119,우도도항선선착장,2021-04-30,1
120,우도도항선선착장,2021-05-01,0
121,우도도항선선착장,2021-05-02,0
122,우도도항선선착장,2021-05-03,0
123,우도도항선선착장,2021-05-04,0
124,우도도항선선착장,2021-05-05,0
125,우도도항선선착장,2021-05-06,0
126,우도도항선선착장,2021-05-07,2
127,우도도항선선착장,2021-05-08,1
128,우도도항선선착장,2021-05-09,0
129,우도도항선선착장,2021-05-10,0
130,우도도항선선착장,2021-05-11,1
131,우도도항선선착장,2021-05-12,1
132,우도도항선선착장,2021-05-13,0
133,우도도항선선착장,2021-05-14,1
134,우도도항선선착장,2021-05-15,1
135,우도도항선선착장,2021-05-16,0
136,우도도항선선착장,2021-05-17,0
137,우도도항선선착장,2021-05-18,3
138,우도도항선선착장,2021-05-19,4
139,우도도항선선착장,2021-05-20,1
140,우도도항선선착장,2021-05-21,0
141,우도도항선선착장,2021-05-22,0
142,우도도항선선착장,2021-05-23,0
143,우도도항선선착장,2021-05-24,0
144,우도도항선선착장,2021-05-25,0
145,우도도항선선착장,2021-05-26,1
146,우도도항선선착장,2021-05-27,2
147,우도도항선선착장,2021-05-28,0
148,우도도항선선착장,2021-05-29,0
149,우도도항선선착장,2021-05-30,0
150,우도도항선선착장,2021-05-31,1
151,우도도항선선착장,2021-06-01,1
152,우도도항선선착장,2021-06-02,1
153,우도도항선선착장,2021-06-03,1
154,우도도항선선착장,2021-06-04,0
155,우도도항선선착장,2021-06-05,2
156,우도도항선선착장,2021-06-06,1
157,우도도항선선착장,2021-06-07,1
158,우도도항선선착장,2021-06-08,0
159,우도도항선선착장,2021-06-09,0
160,우도도항선선착장,2021-06-10,1
161,우도도항선선착장,2021-06-11,2
162,우도도항선선착장,2021-06-12,0
163,우도도항선선착장,2021-06-13,2
164,우도도항선선착장,2021-06-14,4
165,우도도항선선착장,2021-06-15,1
166,우도도항선선착장,2021-06-16,0
167,우도도항선선착장,2021-06-17,0
168,우도도항선선착장,2021-06-18,2
169,우도도항선선착장,2021-06-19,0
170,우도도항선선착장,2021-06-20,0
171,우도도항선선착장,2021-06-21,0
172,우도도항선선착장,2021-06-22,1
173,우도도항선선착장,2021-06-23,2
174,우도도항선선착장,2021-06-24,0
175,우도도항선선착장,2021-06-25,1
176,우도도항선선착장,2021-06-26,1
177,우도도항선선착장,2021-06-27,1
178,우도도항선선착장,2021-06-28,1
179,우도도항선선착장,2021-06-29,1
180,우도도항선선착장,2021-06-30,1
181,우도도항선선착장,2021-07-01,1
182,우도도항선선착장,2021-07-02,2
183,우도도항선선착장,2021-07-03,0
184,우도도항선선착장,2021-07-04,0
185,우도도항선선착장,2021-07-05,0
186,우도도항선선착장,2021-07-06,4
187,우도도항선선착장,2021-07-07,1
188,우도도항선선착장,2021-07-08,0
189,우도도항선선착장,2021-07-09,0
190,우도도항선선착장,2021-07-10,0
191,우도도항선선착장,2021-07-11,0
192,우도도항선선착장,2021-07-12,2
193,우도도항선선착장,2021-07-13,0
194,우도도항선선착장,2021-07-14,1
195,우도도항선선착장,2021-07-15,0
196,우도도항선선착장,2021-07-16,0
197,우도도항선선착장,2021-07-17,0
198,우도도항선선착장,2021-07-18,1
199,우도도항선선착장,2021-07-19,1
200,우도도항선선착장,2021-07-20,1
201,우도도항선선착장,2021-07-21,0
202,우도도항선선착장,2021-07-22,1
203,우도도항선선착장,2021-07-23,0
204,우도도항선선착장,2021-07-24,1
205,우도도항선선착장,2021-07-25,0
206,우도도항선선착장,2021-07-26,1
207,우도도항선선착장,2021-07-27,1
208,우도도항선선착장,2021-07-28,1
209,우도도항선선착장,2021-07-29,0
210,우도도항선선착장,2021-07-30,0
211,우도도항선선착장,2021-07-31,0
212,우도도항선선착장,2021-08-01,0
213,우도도항선선착장,2021-08-02,1
214,우도도항선선착장,2021-08-03,0
215,우도도항선선착장,2021-08-04,1
216,우도도항선선착장,2021-08-05,2
217,우도도항선선착장,2021-08-06,0
218,우도도항선선착장,2021-08-07,0
219,우도도항선선착장,2021-08-08,0
220,우도도항선선착장,2021-08-09,0
221,우도도항선선착장,2021-08-10,1
222,우도도항선선착장,2021-08-11,0
223,우도도항선선착장,2021-08-12,2
224,우도도항선선착장,2021-08-13,0
225,우도도항선선착장,2021-08-14,0
226,우도도항선선착장,2021-08-15,0
227,우도도항선선착장,2021-08-16,0
228,우도도항선선착장,2021-08-17,0
229,우도도항선선착장,2021-08-18,0
230,우도도항선선착장,2021-08-19,1
231,우도도항선선착장,2021-08-20,2
232,우도도항선선착장,2021-08-21,0
233,우도도항선선착장,2021-08-22,0
234,우도도항선선착장,2021-08-23,0
235,우도도항선선착장,2021-08-24,0
236,우도도항선선착장,2021-08-25,0
237,우도도항선선착장,2021-08-26,0
238,우도도항선선착장,2021-08-27,0
239,우도도항선선착장,2021-08-28,1
240,우도도항선선착장,2021-08-29,0
241,우도도항선선착장,2021-08-30,1
242,우도도항선선착장,2021-08-31,1
243,우도도항선선착장,2021-09-01,1
244,우도도항선선착장,2021-09-02,1
245,우도도항선선착장,2021-09-03,1
246,우도도항선선착장,2021-09-04,0
247,우도도항선선착장,2021-09-05,0
248,우도도항선선착장,2021-09-06,1
249,우도도항선선착장,2021-09-07,0
250,우도도항선선착장,2021-09-08,0
251,우도도항선선착장,2021-09-09,0
252,우도도항선선착장,2021-09-10,1
253,우도도항선선착장,2021-09-11,0
254,우도도항선선착장,2021-09-12,1
255,우도도항선선착장,2021-09-13,0
256,우도도항선선착장,2021-09-14,0
257,우도도항선선착장,2021-09-15,0
258,우도도항선선착장,2021-09-16,1
259,우도도항선선착장,2021-09-17,1
260,우도도항선선착장,2021-09-18,1
261,우도도항선선착장,2021-09-19,0
262,우도도항선선착장,2021-09-20,1
263,우도도항선선착장,2021-09-21,0
264,우도도항선선착장,2021-09-22,0
265,우도도항선선착장,2021-09-23,0
266,우도도항선선착장,2021-09-24,1
267,우도도항선선착장,2021-09-25,0
268,우도도항선선착장,2021-09-26,1
269,우도도항선선착장,2021-09-27,0
270,우도도항선선착장,2021-09-28,0
271,우도도항선선착장,2021-09-29,0
272,우도도항선선착장,2021-09-30,0
273,우도도항선선착장,2021-10-01,0
274,우도도항선선착장,2021-10-02,0
275,우도도항선선착장,2021-10-03,1
276,우도도항선선착장,2021-10-04,1
277,우도도항선선착장,2021-10-05,1
278,우도도항선선착장,2021-10-06,0
279,우도도항선선착장,2021-10-07,0
280,우도도항선선착장,2021-10-08,0
281,우도도항선선착장,2021-10-09,0
282,우도도항선선착장,2021-10-10,0
283,우도도항선선착장,2021-10-11,0
284,우도도항선선착장,2021-10-12,0
285,우도도항선선착장,2021-10-13,1
286,우도도항선선착장,2021-10-14,1
287,우도도항선선착장,2021-10-15,0
288,우도도항선선착장,2021-10-16,1
289,우도도항선선착장,2021-10-17,0
290,우도도항선선착장,2021-10-18,0
291,우도도항선선착장,2021-10-19,0
292,우도도항선선착장,2021-10-20,0
293,우도도항선선착장,2021-10-21,1
294,우도도항선선착장,2021-10-22,1
295,우도도항선선착장,2021-10-23,1
296,우도도항선선착장,2021-10-24,2
297,우도도항선선착장,2021-10-25,0
298,우도도항선선착장,2021-10-26,0
299,우도도항선선착장,2021-10-27,0
300,우도도항선선착장,2021-10-28,0
301,우도도항선선착장,2021-10-29,0
302,우도도항선선착장,2021-10-30,0
303,우도도항선선착장,2021-10-31,0
304,우도도항선선착장,2021-11-01,0
305,우도도항선선착장,2021-11-02,0
306,우도도항선선착장,2021-11-03,0
307,우도도항선선착장,2021-11-04,1
308,우도도항선선착장,2021-11-05,0
309,우도도항선선착장,2021-11-06,0
310,우도도항선선착장,2021-11-07,1
311,우도도항선선착장,2021-11-08,0
312,우도도항선선착장,2021-11-09,1
313,우도도항선선착장,2021-11-10,0
314,우도도항선선착장,2021-11-11,0
315,우도도항선선착장,2021-11-12,1
316,우도도항선선착장,2021-11-13,0
317,우도도항선선착장,2021-11-14,1
318,우도도항선선착장,2021-11-15,0
319,우도도항선선착장,2021-11-16,0
320,우도도항선선착장,2021-11-17,0
321,우도도항선선착장,2021-11-18,1
322,우도도항선선착장,2021-11-19,0
323,우도도항선선착장,2021-11-20,0
324,우도도항선선착장,2021-11-21,0
325,우도도항선선착장,2021-11-22,1
326,우도도항선선착장,2021-11-23,1
327,우도도항선선착장,2021-11-24,0
328,우도도항선선착장,2021-11-25,2
329,우도도항선선착장,2021-11-26,0
330,우도도항선선착장,2021-11-27,1
331,우도도항선선착장,2021-11-28,0
332,우도도항선선착장,2021-11-29,1
333,우도도항선선착장,2021-11-30,0
334,우도도항선선착장,2021-12-01,0
335,우도도항선선착장,2021-12-02,0
336,우도도항선선착장,2021-12-03,0
337,우도도항선선착장,2021-12-04,0
338,우도도항선선착장,2021-12-05,0
339,우도도항선선착장,2021-12-06,0
340,우도도항선선착장,2021-12-07,0
341,우도도항선선착장,2021-12-08,1
342,우도도항선선착장,2021-12-09,1
343,우도도항선선착장,2021-12-10,0
344,우도도항선선착장,2021-12-11,0
345,우도도항선선착장,2021-12-12,0
346,우도도항선선착장,2021-12-13,1
347,우도도항선선착장,2021-12-14,0
348,우도도항선선착장,2021-12-15,1
349,우도도항선선착장,2021-12-16,0
350,우도도항선선착장,2021-12-17,1
351,우도도항선선착장,2021-12-18,1
352,우도도항선선착장,2021-12-19,1
353,우도도항선선착장,2021-12-20,0
354,우도도항선선착장,2021-12-21,2
355,우도도항선선착장,2021-12-22,0
356,우도도항선선착장,2021-12-23,0
357,우도도항선선착장,2021-12-24,0
358,우도도항선선착장,2021-12-25,0
359,우도도항선선착장,2021-12-26,1
360,우도도항선선착장,2021-12-27,0
361,우도도항선선착장,2021-12-28,0
362,우도도항선선착장,2021-12-29,0
363,우도도항선선착장,2021-12-30,0
364,우도도항선선착장,2021-12-31,0
