﻿,관광지,날짜,버즈량
0,제주절물자연휴양림,2021-01-01,4
1,제주절물자연휴양림,2021-01-02,8
2,제주절물자연휴양림,2021-01-03,7
3,제주절물자연휴양림,2021-01-04,4
4,제주절물자연휴양림,2021-01-05,5
5,제주절물자연휴양림,2021-01-06,3
6,제주절물자연휴양림,2021-01-07,8
7,제주절물자연휴양림,2021-01-08,7
8,제주절물자연휴양림,2021-01-09,5
9,제주절물자연휴양림,2021-01-10,4
10,제주절물자연휴양림,2021-01-11,7
11,제주절물자연휴양림,2021-01-12,6
12,제주절물자연휴양림,2021-01-13,12
13,제주절물자연휴양림,2021-01-14,6
14,제주절물자연휴양림,2021-01-15,8
15,제주절물자연휴양림,2021-01-16,6
16,제주절물자연휴양림,2021-01-17,5
17,제주절물자연휴양림,2021-01-18,4
18,제주절물자연휴양림,2021-01-19,3
19,제주절물자연휴양림,2021-01-20,2
20,제주절물자연휴양림,2021-01-21,1
21,제주절물자연휴양림,2021-01-22,10
22,제주절물자연휴양림,2021-01-23,2
23,제주절물자연휴양림,2021-01-24,3
24,제주절물자연휴양림,2021-01-25,5
25,제주절물자연휴양림,2021-01-26,6
26,제주절물자연휴양림,2021-01-27,3
27,제주절물자연휴양림,2021-01-28,2
28,제주절물자연휴양림,2021-01-29,4
29,제주절물자연휴양림,2021-01-30,6
30,제주절물자연휴양림,2021-01-31,4
31,제주절물자연휴양림,2021-02-01,9
32,제주절물자연휴양림,2021-02-02,4
33,제주절물자연휴양림,2021-02-03,4
34,제주절물자연휴양림,2021-02-04,5
35,제주절물자연휴양림,2021-02-05,7
36,제주절물자연휴양림,2021-02-06,1
37,제주절물자연휴양림,2021-02-07,3
38,제주절물자연휴양림,2021-02-08,6
39,제주절물자연휴양림,2021-02-09,8
40,제주절물자연휴양림,2021-02-10,4
41,제주절물자연휴양림,2021-02-11,3
42,제주절물자연휴양림,2021-02-12,4
43,제주절물자연휴양림,2021-02-13,2
44,제주절물자연휴양림,2021-02-14,6
45,제주절물자연휴양림,2021-02-15,6
46,제주절물자연휴양림,2021-02-16,3
47,제주절물자연휴양림,2021-02-17,13
48,제주절물자연휴양림,2021-02-18,7
49,제주절물자연휴양림,2021-02-19,9
50,제주절물자연휴양림,2021-02-20,5
51,제주절물자연휴양림,2021-02-21,5
52,제주절물자연휴양림,2021-02-22,5
53,제주절물자연휴양림,2021-02-23,6
54,제주절물자연휴양림,2021-02-24,6
55,제주절물자연휴양림,2021-02-25,4
56,제주절물자연휴양림,2021-02-26,8
57,제주절물자연휴양림,2021-02-27,4
58,제주절물자연휴양림,2021-02-28,5
59,제주절물자연휴양림,2021-03-01,2
60,제주절물자연휴양림,2021-03-02,4
61,제주절물자연휴양림,2021-03-03,7
62,제주절물자연휴양림,2021-03-04,4
63,제주절물자연휴양림,2021-03-05,5
64,제주절물자연휴양림,2021-03-06,9
65,제주절물자연휴양림,2021-03-07,1
66,제주절물자연휴양림,2021-03-08,7
67,제주절물자연휴양림,2021-03-09,12
68,제주절물자연휴양림,2021-03-10,12
69,제주절물자연휴양림,2021-03-11,10
70,제주절물자연휴양림,2021-03-12,7
71,제주절물자연휴양림,2021-03-13,7
72,제주절물자연휴양림,2021-03-14,6
73,제주절물자연휴양림,2021-03-15,7
74,제주절물자연휴양림,2021-03-16,2
75,제주절물자연휴양림,2021-03-17,4
76,제주절물자연휴양림,2021-03-18,5
77,제주절물자연휴양림,2021-03-19,23
78,제주절물자연휴양림,2021-03-20,6
79,제주절물자연휴양림,2021-03-21,10
80,제주절물자연휴양림,2021-03-22,15
81,제주절물자연휴양림,2021-03-23,13
82,제주절물자연휴양림,2021-03-24,21
83,제주절물자연휴양림,2021-03-25,11
84,제주절물자연휴양림,2021-03-26,17
85,제주절물자연휴양림,2021-03-27,6
86,제주절물자연휴양림,2021-03-28,8
87,제주절물자연휴양림,2021-03-29,5
88,제주절물자연휴양림,2021-03-30,12
89,제주절물자연휴양림,2021-03-31,7
90,제주절물자연휴양림,2021-04-01,8
91,제주절물자연휴양림,2021-04-02,4
92,제주절물자연휴양림,2021-04-03,4
93,제주절물자연휴양림,2021-04-04,1
94,제주절물자연휴양림,2021-04-05,8
95,제주절물자연휴양림,2021-04-06,11
96,제주절물자연휴양림,2021-04-07,13
97,제주절물자연휴양림,2021-04-08,10
98,제주절물자연휴양림,2021-04-09,7
99,제주절물자연휴양림,2021-04-10,14
100,제주절물자연휴양림,2021-04-11,4
101,제주절물자연휴양림,2021-04-12,16
102,제주절물자연휴양림,2021-04-13,17
103,제주절물자연휴양림,2021-04-14,10
104,제주절물자연휴양림,2021-04-15,14
105,제주절물자연휴양림,2021-04-16,15
106,제주절물자연휴양림,2021-04-17,12
107,제주절물자연휴양림,2021-04-18,11
108,제주절물자연휴양림,2021-04-19,21
109,제주절물자연휴양림,2021-04-20,13
110,제주절물자연휴양림,2021-04-21,17
111,제주절물자연휴양림,2021-04-22,22
112,제주절물자연휴양림,2021-04-23,29
113,제주절물자연휴양림,2021-04-24,17
114,제주절물자연휴양림,2021-04-25,20
115,제주절물자연휴양림,2021-04-26,11
116,제주절물자연휴양림,2021-04-27,17
117,제주절물자연휴양림,2021-04-28,18
118,제주절물자연휴양림,2021-04-29,6
119,제주절물자연휴양림,2021-04-30,13
120,제주절물자연휴양림,2021-05-01,5
121,제주절물자연휴양림,2021-05-02,10
122,제주절물자연휴양림,2021-05-03,12
123,제주절물자연휴양림,2021-05-04,6
124,제주절물자연휴양림,2021-05-05,8
125,제주절물자연휴양림,2021-05-06,10
126,제주절물자연휴양림,2021-05-07,10
127,제주절물자연휴양림,2021-05-08,5
128,제주절물자연휴양림,2021-05-09,4
129,제주절물자연휴양림,2021-05-10,9
130,제주절물자연휴양림,2021-05-11,10
131,제주절물자연휴양림,2021-05-12,13
132,제주절물자연휴양림,2021-05-13,7
133,제주절물자연휴양림,2021-05-14,13
134,제주절물자연휴양림,2021-05-15,8
135,제주절물자연휴양림,2021-05-16,4
136,제주절물자연휴양림,2021-05-17,7
137,제주절물자연휴양림,2021-05-18,4
138,제주절물자연휴양림,2021-05-19,9
139,제주절물자연휴양림,2021-05-20,9
140,제주절물자연휴양림,2021-05-21,8
141,제주절물자연휴양림,2021-05-22,5
142,제주절물자연휴양림,2021-05-23,7
143,제주절물자연휴양림,2021-05-24,4
144,제주절물자연휴양림,2021-05-25,14
145,제주절물자연휴양림,2021-05-26,9
146,제주절물자연휴양림,2021-05-27,9
147,제주절물자연휴양림,2021-05-28,12
148,제주절물자연휴양림,2021-05-29,8
149,제주절물자연휴양림,2021-05-30,4
150,제주절물자연휴양림,2021-05-31,9
151,제주절물자연휴양림,2021-06-01,12
152,제주절물자연휴양림,2021-06-02,8
153,제주절물자연휴양림,2021-06-03,5
154,제주절물자연휴양림,2021-06-04,12
155,제주절물자연휴양림,2021-06-05,4
156,제주절물자연휴양림,2021-06-06,8
157,제주절물자연휴양림,2021-06-07,7
158,제주절물자연휴양림,2021-06-08,12
159,제주절물자연휴양림,2021-06-09,10
160,제주절물자연휴양림,2021-06-10,6
161,제주절물자연휴양림,2021-06-11,6
162,제주절물자연휴양림,2021-06-12,2
163,제주절물자연휴양림,2021-06-13,10
164,제주절물자연휴양림,2021-06-14,12
165,제주절물자연휴양림,2021-06-15,7
166,제주절물자연휴양림,2021-06-16,12
167,제주절물자연휴양림,2021-06-17,5
168,제주절물자연휴양림,2021-06-18,7
169,제주절물자연휴양림,2021-06-19,3
170,제주절물자연휴양림,2021-06-20,6
171,제주절물자연휴양림,2021-06-21,5
172,제주절물자연휴양림,2021-06-22,8
173,제주절물자연휴양림,2021-06-23,10
174,제주절물자연휴양림,2021-06-24,6
175,제주절물자연휴양림,2021-06-25,12
176,제주절물자연휴양림,2021-06-26,10
177,제주절물자연휴양림,2021-06-27,14
178,제주절물자연휴양림,2021-06-28,10
179,제주절물자연휴양림,2021-06-29,14
180,제주절물자연휴양림,2021-06-30,9
181,제주절물자연휴양림,2021-07-01,10
182,제주절물자연휴양림,2021-07-02,7
183,제주절물자연휴양림,2021-07-03,8
184,제주절물자연휴양림,2021-07-04,4
185,제주절물자연휴양림,2021-07-05,8
186,제주절물자연휴양림,2021-07-06,9
187,제주절물자연휴양림,2021-07-07,8
188,제주절물자연휴양림,2021-07-08,9
189,제주절물자연휴양림,2021-07-09,5
190,제주절물자연휴양림,2021-07-10,12
191,제주절물자연휴양림,2021-07-11,10
192,제주절물자연휴양림,2021-07-12,15
193,제주절물자연휴양림,2021-07-13,10
194,제주절물자연휴양림,2021-07-14,5
195,제주절물자연휴양림,2021-07-15,9
196,제주절물자연휴양림,2021-07-16,9
197,제주절물자연휴양림,2021-07-17,7
198,제주절물자연휴양림,2021-07-18,11
199,제주절물자연휴양림,2021-07-19,10
200,제주절물자연휴양림,2021-07-20,13
201,제주절물자연휴양림,2021-07-21,10
202,제주절물자연휴양림,2021-07-22,10
203,제주절물자연휴양림,2021-07-23,7
204,제주절물자연휴양림,2021-07-24,11
205,제주절물자연휴양림,2021-07-25,6
206,제주절물자연휴양림,2021-07-26,6
207,제주절물자연휴양림,2021-07-27,10
208,제주절물자연휴양림,2021-07-28,3
209,제주절물자연휴양림,2021-07-29,4
210,제주절물자연휴양림,2021-07-30,8
211,제주절물자연휴양림,2021-07-31,4
212,제주절물자연휴양림,2021-08-01,11
213,제주절물자연휴양림,2021-08-02,8
214,제주절물자연휴양림,2021-08-03,4
215,제주절물자연휴양림,2021-08-04,14
216,제주절물자연휴양림,2021-08-05,11
217,제주절물자연휴양림,2021-08-06,12
218,제주절물자연휴양림,2021-08-07,6
219,제주절물자연휴양림,2021-08-08,9
220,제주절물자연휴양림,2021-08-09,8
221,제주절물자연휴양림,2021-08-10,5
222,제주절물자연휴양림,2021-08-11,12
223,제주절물자연휴양림,2021-08-12,9
224,제주절물자연휴양림,2021-08-13,8
225,제주절물자연휴양림,2021-08-14,5
226,제주절물자연휴양림,2021-08-15,5
227,제주절물자연휴양림,2021-08-16,12
228,제주절물자연휴양림,2021-08-17,10
229,제주절물자연휴양림,2021-08-18,6
230,제주절물자연휴양림,2021-08-19,9
231,제주절물자연휴양림,2021-08-20,2
232,제주절물자연휴양림,2021-08-21,7
233,제주절물자연휴양림,2021-08-22,5
234,제주절물자연휴양림,2021-08-23,12
235,제주절물자연휴양림,2021-08-24,5
236,제주절물자연휴양림,2021-08-25,8
237,제주절물자연휴양림,2021-08-26,4
238,제주절물자연휴양림,2021-08-27,6
239,제주절물자연휴양림,2021-08-28,3
240,제주절물자연휴양림,2021-08-29,5
241,제주절물자연휴양림,2021-08-30,8
242,제주절물자연휴양림,2021-08-31,10
243,제주절물자연휴양림,2021-09-01,8
244,제주절물자연휴양림,2021-09-02,9
245,제주절물자연휴양림,2021-09-03,5
246,제주절물자연휴양림,2021-09-04,2
247,제주절물자연휴양림,2021-09-05,11
248,제주절물자연휴양림,2021-09-06,8
249,제주절물자연휴양림,2021-09-07,8
250,제주절물자연휴양림,2021-09-08,10
251,제주절물자연휴양림,2021-09-09,12
252,제주절물자연휴양림,2021-09-10,7
253,제주절물자연휴양림,2021-09-11,5
254,제주절물자연휴양림,2021-09-12,7
255,제주절물자연휴양림,2021-09-13,9
256,제주절물자연휴양림,2021-09-14,8
257,제주절물자연휴양림,2021-09-15,6
258,제주절물자연휴양림,2021-09-16,4
259,제주절물자연휴양림,2021-09-17,2
260,제주절물자연휴양림,2021-09-18,4
261,제주절물자연휴양림,2021-09-19,5
262,제주절물자연휴양림,2021-09-20,9
263,제주절물자연휴양림,2021-09-21,6
264,제주절물자연휴양림,2021-09-22,3
265,제주절물자연휴양림,2021-09-23,9
266,제주절물자연휴양림,2021-09-24,8
267,제주절물자연휴양림,2021-09-25,7
268,제주절물자연휴양림,2021-09-26,6
269,제주절물자연휴양림,2021-09-27,6
270,제주절물자연휴양림,2021-09-28,15
271,제주절물자연휴양림,2021-09-29,7
272,제주절물자연휴양림,2021-09-30,8
273,제주절물자연휴양림,2021-10-01,6
274,제주절물자연휴양림,2021-10-02,6
275,제주절물자연휴양림,2021-10-03,6
276,제주절물자연휴양림,2021-10-04,6
277,제주절물자연휴양림,2021-10-05,6
278,제주절물자연휴양림,2021-10-06,6
279,제주절물자연휴양림,2021-10-07,6
280,제주절물자연휴양림,2021-10-08,8
281,제주절물자연휴양림,2021-10-09,4
282,제주절물자연휴양림,2021-10-10,5
283,제주절물자연휴양림,2021-10-11,8
284,제주절물자연휴양림,2021-10-12,2
285,제주절물자연휴양림,2021-10-13,6
286,제주절물자연휴양림,2021-10-14,6
287,제주절물자연휴양림,2021-10-15,5
288,제주절물자연휴양림,2021-10-16,5
289,제주절물자연휴양림,2021-10-17,4
290,제주절물자연휴양림,2021-10-18,6
291,제주절물자연휴양림,2021-10-19,8
292,제주절물자연휴양림,2021-10-20,7
293,제주절물자연휴양림,2021-10-21,9
294,제주절물자연휴양림,2021-10-22,8
295,제주절물자연휴양림,2021-10-23,5
296,제주절물자연휴양림,2021-10-24,13
297,제주절물자연휴양림,2021-10-25,12
298,제주절물자연휴양림,2021-10-26,7
299,제주절물자연휴양림,2021-10-27,10
300,제주절물자연휴양림,2021-10-28,13
301,제주절물자연휴양림,2021-10-29,7
302,제주절물자연휴양림,2021-10-30,3
303,제주절물자연휴양림,2021-10-31,5
304,제주절물자연휴양림,2021-11-01,11
305,제주절물자연휴양림,2021-11-02,4
306,제주절물자연휴양림,2021-11-03,9
307,제주절물자연휴양림,2021-11-04,8
308,제주절물자연휴양림,2021-11-05,5
309,제주절물자연휴양림,2021-11-06,6
310,제주절물자연휴양림,2021-11-07,6
311,제주절물자연휴양림,2021-11-08,4
312,제주절물자연휴양림,2021-11-09,7
313,제주절물자연휴양림,2021-11-10,6
314,제주절물자연휴양림,2021-11-11,10
315,제주절물자연휴양림,2021-11-12,3
316,제주절물자연휴양림,2021-11-13,3
317,제주절물자연휴양림,2021-11-14,6
318,제주절물자연휴양림,2021-11-15,5
319,제주절물자연휴양림,2021-11-16,12
320,제주절물자연휴양림,2021-11-17,7
321,제주절물자연휴양림,2021-11-18,4
322,제주절물자연휴양림,2021-11-19,10
323,제주절물자연휴양림,2021-11-20,2
324,제주절물자연휴양림,2021-11-21,5
325,제주절물자연휴양림,2021-11-22,6
326,제주절물자연휴양림,2021-11-23,12
327,제주절물자연휴양림,2021-11-24,8
328,제주절물자연휴양림,2021-11-25,9
329,제주절물자연휴양림,2021-11-26,5
330,제주절물자연휴양림,2021-11-27,7
331,제주절물자연휴양림,2021-11-28,8
332,제주절물자연휴양림,2021-11-29,7
333,제주절물자연휴양림,2021-11-30,10
334,제주절물자연휴양림,2021-12-01,6
335,제주절물자연휴양림,2021-12-02,5
336,제주절물자연휴양림,2021-12-03,9
337,제주절물자연휴양림,2021-12-04,6
338,제주절물자연휴양림,2021-12-05,10
339,제주절물자연휴양림,2021-12-06,5
340,제주절물자연휴양림,2021-12-07,7
341,제주절물자연휴양림,2021-12-08,6
342,제주절물자연휴양림,2021-12-09,4
343,제주절물자연휴양림,2021-12-10,7
344,제주절물자연휴양림,2021-12-11,5
345,제주절물자연휴양림,2021-12-12,2
346,제주절물자연휴양림,2021-12-13,3
347,제주절물자연휴양림,2021-12-14,8
348,제주절물자연휴양림,2021-12-15,8
349,제주절물자연휴양림,2021-12-16,7
350,제주절물자연휴양림,2021-12-17,10
351,제주절물자연휴양림,2021-12-18,5
352,제주절물자연휴양림,2021-12-19,3
353,제주절물자연휴양림,2021-12-20,12
354,제주절물자연휴양림,2021-12-21,9
355,제주절물자연휴양림,2021-12-22,0
356,제주절물자연휴양림,2021-12-23,3
357,제주절물자연휴양림,2021-12-24,6
358,제주절물자연휴양림,2021-12-25,3
359,제주절물자연휴양림,2021-12-26,3
360,제주절물자연휴양림,2021-12-27,8
361,제주절물자연휴양림,2021-12-28,3
362,제주절물자연휴양림,2021-12-29,8
363,제주절물자연휴양림,2021-12-30,5
364,제주절물자연휴양림,2021-12-31,3
