﻿,관광지,날짜,버즈량
0,제주민속자연사박물관,2021-01-01,3
1,제주민속자연사박물관,2021-01-02,2
2,제주민속자연사박물관,2021-01-03,4
3,제주민속자연사박물관,2021-01-04,1
4,제주민속자연사박물관,2021-01-05,0
5,제주민속자연사박물관,2021-01-06,3
6,제주민속자연사박물관,2021-01-07,3
7,제주민속자연사박물관,2021-01-08,4
8,제주민속자연사박물관,2021-01-09,3
9,제주민속자연사박물관,2021-01-10,3
10,제주민속자연사박물관,2021-01-11,3
11,제주민속자연사박물관,2021-01-12,4
12,제주민속자연사박물관,2021-01-13,2
13,제주민속자연사박물관,2021-01-14,1
14,제주민속자연사박물관,2021-01-15,4
15,제주민속자연사박물관,2021-01-16,1
16,제주민속자연사박물관,2021-01-17,1
17,제주민속자연사박물관,2021-01-18,1
18,제주민속자연사박물관,2021-01-19,1
19,제주민속자연사박물관,2021-01-20,1
20,제주민속자연사박물관,2021-01-21,1
21,제주민속자연사박물관,2021-01-22,3
22,제주민속자연사박물관,2021-01-23,2
23,제주민속자연사박물관,2021-01-24,2
24,제주민속자연사박물관,2021-01-25,3
25,제주민속자연사박물관,2021-01-26,5
26,제주민속자연사박물관,2021-01-27,4
27,제주민속자연사박물관,2021-01-28,4
28,제주민속자연사박물관,2021-01-29,3
29,제주민속자연사박물관,2021-01-30,0
30,제주민속자연사박물관,2021-01-31,1
31,제주민속자연사박물관,2021-02-01,2
32,제주민속자연사박물관,2021-02-02,0
33,제주민속자연사박물관,2021-02-03,3
34,제주민속자연사박물관,2021-02-04,2
35,제주민속자연사박물관,2021-02-05,10
36,제주민속자연사박물관,2021-02-06,3
37,제주민속자연사박물관,2021-02-07,3
38,제주민속자연사박물관,2021-02-08,3
39,제주민속자연사박물관,2021-02-09,3
40,제주민속자연사박물관,2021-02-10,5
41,제주민속자연사박물관,2021-02-11,2
42,제주민속자연사박물관,2021-02-12,2
43,제주민속자연사박물관,2021-02-13,1
44,제주민속자연사박물관,2021-02-14,2
45,제주민속자연사박물관,2021-02-15,4
46,제주민속자연사박물관,2021-02-16,3
47,제주민속자연사박물관,2021-02-17,2
48,제주민속자연사박물관,2021-02-18,0
49,제주민속자연사박물관,2021-02-19,3
50,제주민속자연사박물관,2021-02-20,1
51,제주민속자연사박물관,2021-02-21,2
52,제주민속자연사박물관,2021-02-22,3
53,제주민속자연사박물관,2021-02-23,1
54,제주민속자연사박물관,2021-02-24,2
55,제주민속자연사박물관,2021-02-25,4
56,제주민속자연사박물관,2021-02-26,6
57,제주민속자연사박물관,2021-02-27,3
58,제주민속자연사박물관,2021-02-28,3
59,제주민속자연사박물관,2021-03-01,4
60,제주민속자연사박물관,2021-03-02,1
61,제주민속자연사박물관,2021-03-03,5
62,제주민속자연사박물관,2021-03-04,3
63,제주민속자연사박물관,2021-03-05,2
64,제주민속자연사박물관,2021-03-06,4
65,제주민속자연사박물관,2021-03-07,2
66,제주민속자연사박물관,2021-03-08,4
67,제주민속자연사박물관,2021-03-09,5
68,제주민속자연사박물관,2021-03-10,2
69,제주민속자연사박물관,2021-03-11,3
70,제주민속자연사박물관,2021-03-12,6
71,제주민속자연사박물관,2021-03-13,3
72,제주민속자연사박물관,2021-03-14,3
73,제주민속자연사박물관,2021-03-15,4
74,제주민속자연사박물관,2021-03-16,2
75,제주민속자연사박물관,2021-03-17,4
76,제주민속자연사박물관,2021-03-18,3
77,제주민속자연사박물관,2021-03-19,1
78,제주민속자연사박물관,2021-03-20,2
79,제주민속자연사박물관,2021-03-21,2
80,제주민속자연사박물관,2021-03-22,5
81,제주민속자연사박물관,2021-03-23,8
82,제주민속자연사박물관,2021-03-24,4
83,제주민속자연사박물관,2021-03-25,0
84,제주민속자연사박물관,2021-03-26,4
85,제주민속자연사박물관,2021-03-27,4
86,제주민속자연사박물관,2021-03-28,5
87,제주민속자연사박물관,2021-03-29,6
88,제주민속자연사박물관,2021-03-30,3
89,제주민속자연사박물관,2021-03-31,0
90,제주민속자연사박물관,2021-04-01,7
91,제주민속자연사박물관,2021-04-02,1
92,제주민속자연사박물관,2021-04-03,2
93,제주민속자연사박물관,2021-04-04,8
94,제주민속자연사박물관,2021-04-05,1
95,제주민속자연사박물관,2021-04-06,5
96,제주민속자연사박물관,2021-04-07,6
97,제주민속자연사박물관,2021-04-08,1
98,제주민속자연사박물관,2021-04-09,4
99,제주민속자연사박물관,2021-04-10,3
100,제주민속자연사박물관,2021-04-11,4
101,제주민속자연사박물관,2021-04-12,1
102,제주민속자연사박물관,2021-04-13,2
103,제주민속자연사박물관,2021-04-14,4
104,제주민속자연사박물관,2021-04-15,1
105,제주민속자연사박물관,2021-04-16,3
106,제주민속자연사박물관,2021-04-17,2
107,제주민속자연사박물관,2021-04-18,4
108,제주민속자연사박물관,2021-04-19,3
109,제주민속자연사박물관,2021-04-20,5
110,제주민속자연사박물관,2021-04-21,4
111,제주민속자연사박물관,2021-04-22,4
112,제주민속자연사박물관,2021-04-23,3
113,제주민속자연사박물관,2021-04-24,4
114,제주민속자연사박물관,2021-04-25,4
115,제주민속자연사박물관,2021-04-26,5
116,제주민속자연사박물관,2021-04-27,3
117,제주민속자연사박물관,2021-04-28,4
118,제주민속자연사박물관,2021-04-29,15
119,제주민속자연사박물관,2021-04-30,3
120,제주민속자연사박물관,2021-05-01,2
121,제주민속자연사박물관,2021-05-02,2
122,제주민속자연사박물관,2021-05-03,5
123,제주민속자연사박물관,2021-05-04,3
124,제주민속자연사박물관,2021-05-05,7
125,제주민속자연사박물관,2021-05-06,6
126,제주민속자연사박물관,2021-05-07,7
127,제주민속자연사박물관,2021-05-08,3
128,제주민속자연사박물관,2021-05-09,1
129,제주민속자연사박물관,2021-05-10,1
130,제주민속자연사박물관,2021-05-11,4
131,제주민속자연사박물관,2021-05-12,2
132,제주민속자연사박물관,2021-05-13,2
133,제주민속자연사박물관,2021-05-14,1
134,제주민속자연사박물관,2021-05-15,2
135,제주민속자연사박물관,2021-05-16,3
136,제주민속자연사박물관,2021-05-17,4
137,제주민속자연사박물관,2021-05-18,3
138,제주민속자연사박물관,2021-05-19,2
139,제주민속자연사박물관,2021-05-20,1
140,제주민속자연사박물관,2021-05-21,6
141,제주민속자연사박물관,2021-05-22,3
142,제주민속자연사박물관,2021-05-23,2
143,제주민속자연사박물관,2021-05-24,2
144,제주민속자연사박물관,2021-05-25,6
145,제주민속자연사박물관,2021-05-26,8
146,제주민속자연사박물관,2021-05-27,2
147,제주민속자연사박물관,2021-05-28,5
148,제주민속자연사박물관,2021-05-29,1
149,제주민속자연사박물관,2021-05-30,5
150,제주민속자연사박물관,2021-05-31,4
151,제주민속자연사박물관,2021-06-01,4
152,제주민속자연사박물관,2021-06-02,5
153,제주민속자연사박물관,2021-06-03,4
154,제주민속자연사박물관,2021-06-04,2
155,제주민속자연사박물관,2021-06-05,0
156,제주민속자연사박물관,2021-06-06,2
157,제주민속자연사박물관,2021-06-07,2
158,제주민속자연사박물관,2021-06-08,4
159,제주민속자연사박물관,2021-06-09,8
160,제주민속자연사박물관,2021-06-10,4
161,제주민속자연사박물관,2021-06-11,1
162,제주민속자연사박물관,2021-06-12,1
163,제주민속자연사박물관,2021-06-13,0
164,제주민속자연사박물관,2021-06-14,6
165,제주민속자연사박물관,2021-06-15,9
166,제주민속자연사박물관,2021-06-16,4
167,제주민속자연사박물관,2021-06-17,6
168,제주민속자연사박물관,2021-06-18,7
169,제주민속자연사박물관,2021-06-19,4
170,제주민속자연사박물관,2021-06-20,2
171,제주민속자연사박물관,2021-06-21,2
172,제주민속자연사박물관,2021-06-22,1
173,제주민속자연사박물관,2021-06-23,4
174,제주민속자연사박물관,2021-06-24,4
175,제주민속자연사박물관,2021-06-25,5
176,제주민속자연사박물관,2021-06-26,1
177,제주민속자연사박물관,2021-06-27,4
178,제주민속자연사박물관,2021-06-28,5
179,제주민속자연사박물관,2021-06-29,2
180,제주민속자연사박물관,2021-06-30,3
181,제주민속자연사박물관,2021-07-01,5
182,제주민속자연사박물관,2021-07-02,4
183,제주민속자연사박물관,2021-07-03,6
184,제주민속자연사박물관,2021-07-04,0
185,제주민속자연사박물관,2021-07-05,5
186,제주민속자연사박물관,2021-07-06,7
187,제주민속자연사박물관,2021-07-07,9
188,제주민속자연사박물관,2021-07-08,3
189,제주민속자연사박물관,2021-07-09,5
190,제주민속자연사박물관,2021-07-10,5
191,제주민속자연사박물관,2021-07-11,2
192,제주민속자연사박물관,2021-07-12,3
193,제주민속자연사박물관,2021-07-13,4
194,제주민속자연사박물관,2021-07-14,4
195,제주민속자연사박물관,2021-07-15,4
196,제주민속자연사박물관,2021-07-16,2
197,제주민속자연사박물관,2021-07-17,2
198,제주민속자연사박물관,2021-07-18,1
199,제주민속자연사박물관,2021-07-19,2
200,제주민속자연사박물관,2021-07-20,1
201,제주민속자연사박물관,2021-07-21,4
202,제주민속자연사박물관,2021-07-22,0
203,제주민속자연사박물관,2021-07-23,3
204,제주민속자연사박물관,2021-07-24,2
205,제주민속자연사박물관,2021-07-25,2
206,제주민속자연사박물관,2021-07-26,5
207,제주민속자연사박물관,2021-07-27,1
208,제주민속자연사박물관,2021-07-28,2
209,제주민속자연사박물관,2021-07-29,5
210,제주민속자연사박물관,2021-07-30,6
211,제주민속자연사박물관,2021-07-31,3
212,제주민속자연사박물관,2021-08-01,3
213,제주민속자연사박물관,2021-08-02,3
214,제주민속자연사박물관,2021-08-03,8
215,제주민속자연사박물관,2021-08-04,3
216,제주민속자연사박물관,2021-08-05,2
217,제주민속자연사박물관,2021-08-06,6
218,제주민속자연사박물관,2021-08-07,6
219,제주민속자연사박물관,2021-08-08,5
220,제주민속자연사박물관,2021-08-09,4
221,제주민속자연사박물관,2021-08-10,6
222,제주민속자연사박물관,2021-08-11,5
223,제주민속자연사박물관,2021-08-12,5
224,제주민속자연사박물관,2021-08-13,6
225,제주민속자연사박물관,2021-08-14,1
226,제주민속자연사박물관,2021-08-15,0
227,제주민속자연사박물관,2021-08-16,0
228,제주민속자연사박물관,2021-08-17,2
229,제주민속자연사박물관,2021-08-18,5
230,제주민속자연사박물관,2021-08-19,11
231,제주민속자연사박물관,2021-08-20,5
232,제주민속자연사박물관,2021-08-21,4
233,제주민속자연사박물관,2021-08-22,0
234,제주민속자연사박물관,2021-08-23,3
235,제주민속자연사박물관,2021-08-24,5
236,제주민속자연사박물관,2021-08-25,4
237,제주민속자연사박물관,2021-08-26,6
238,제주민속자연사박물관,2021-08-27,7
239,제주민속자연사박물관,2021-08-28,3
240,제주민속자연사박물관,2021-08-29,3
241,제주민속자연사박물관,2021-08-30,6
242,제주민속자연사박물관,2021-08-31,6
243,제주민속자연사박물관,2021-09-01,5
244,제주민속자연사박물관,2021-09-02,4
245,제주민속자연사박물관,2021-09-03,7
246,제주민속자연사박물관,2021-09-04,1
247,제주민속자연사박물관,2021-09-05,1
248,제주민속자연사박물관,2021-09-06,3
249,제주민속자연사박물관,2021-09-07,2
250,제주민속자연사박물관,2021-09-08,2
251,제주민속자연사박물관,2021-09-09,4
252,제주민속자연사박물관,2021-09-10,1
253,제주민속자연사박물관,2021-09-11,2
254,제주민속자연사박물관,2021-09-12,1
255,제주민속자연사박물관,2021-09-13,3
256,제주민속자연사박물관,2021-09-14,3
257,제주민속자연사박물관,2021-09-15,5
258,제주민속자연사박물관,2021-09-16,3
259,제주민속자연사박물관,2021-09-17,2
260,제주민속자연사박물관,2021-09-18,2
261,제주민속자연사박물관,2021-09-19,2
262,제주민속자연사박물관,2021-09-20,2
263,제주민속자연사박물관,2021-09-21,0
264,제주민속자연사박물관,2021-09-22,4
265,제주민속자연사박물관,2021-09-23,3
266,제주민속자연사박물관,2021-09-24,4
267,제주민속자연사박물관,2021-09-25,5
268,제주민속자연사박물관,2021-09-26,1
269,제주민속자연사박물관,2021-09-27,1
270,제주민속자연사박물관,2021-09-28,3
271,제주민속자연사박물관,2021-09-29,4
272,제주민속자연사박물관,2021-09-30,3
273,제주민속자연사박물관,2021-10-01,3
274,제주민속자연사박물관,2021-10-02,2
275,제주민속자연사박물관,2021-10-03,3
276,제주민속자연사박물관,2021-10-04,4
277,제주민속자연사박물관,2021-10-05,1
278,제주민속자연사박물관,2021-10-06,4
279,제주민속자연사박물관,2021-10-07,4
280,제주민속자연사박물관,2021-10-08,2
281,제주민속자연사박물관,2021-10-09,4
282,제주민속자연사박물관,2021-10-10,3
283,제주민속자연사박물관,2021-10-11,1
284,제주민속자연사박물관,2021-10-12,1
285,제주민속자연사박물관,2021-10-13,4
286,제주민속자연사박물관,2021-10-14,2
287,제주민속자연사박물관,2021-10-15,4
288,제주민속자연사박물관,2021-10-16,2
289,제주민속자연사박물관,2021-10-17,2
290,제주민속자연사박물관,2021-10-18,6
291,제주민속자연사박물관,2021-10-19,4
292,제주민속자연사박물관,2021-10-20,6
293,제주민속자연사박물관,2021-10-21,3
294,제주민속자연사박물관,2021-10-22,0
295,제주민속자연사박물관,2021-10-23,4
296,제주민속자연사박물관,2021-10-24,3
297,제주민속자연사박물관,2021-10-25,1
298,제주민속자연사박물관,2021-10-26,1
299,제주민속자연사박물관,2021-10-27,2
300,제주민속자연사박물관,2021-10-28,7
301,제주민속자연사박물관,2021-10-29,3
302,제주민속자연사박물관,2021-10-30,1
303,제주민속자연사박물관,2021-10-31,1
304,제주민속자연사박물관,2021-11-01,1
305,제주민속자연사박물관,2021-11-02,5
306,제주민속자연사박물관,2021-11-03,3
307,제주민속자연사박물관,2021-11-04,5
308,제주민속자연사박물관,2021-11-05,3
309,제주민속자연사박물관,2021-11-06,5
310,제주민속자연사박물관,2021-11-07,3
311,제주민속자연사박물관,2021-11-08,1
312,제주민속자연사박물관,2021-11-09,2
313,제주민속자연사박물관,2021-11-10,3
314,제주민속자연사박물관,2021-11-11,1
315,제주민속자연사박물관,2021-11-12,1
316,제주민속자연사박물관,2021-11-13,3
317,제주민속자연사박물관,2021-11-14,2
318,제주민속자연사박물관,2021-11-15,7
319,제주민속자연사박물관,2021-11-16,2
320,제주민속자연사박물관,2021-11-17,2
321,제주민속자연사박물관,2021-11-18,2
322,제주민속자연사박물관,2021-11-19,3
323,제주민속자연사박물관,2021-11-20,0
324,제주민속자연사박물관,2021-11-21,1
325,제주민속자연사박물관,2021-11-22,3
326,제주민속자연사박물관,2021-11-23,3
327,제주민속자연사박물관,2021-11-24,4
328,제주민속자연사박물관,2021-11-25,2
329,제주민속자연사박물관,2021-11-26,3
330,제주민속자연사박물관,2021-11-27,1
331,제주민속자연사박물관,2021-11-28,2
332,제주민속자연사박물관,2021-11-29,3
333,제주민속자연사박물관,2021-11-30,3
334,제주민속자연사박물관,2021-12-01,6
335,제주민속자연사박물관,2021-12-02,4
336,제주민속자연사박물관,2021-12-03,4
337,제주민속자연사박물관,2021-12-04,5
338,제주민속자연사박물관,2021-12-05,2
339,제주민속자연사박물관,2021-12-06,4
340,제주민속자연사박물관,2021-12-07,1
341,제주민속자연사박물관,2021-12-08,5
342,제주민속자연사박물관,2021-12-09,3
343,제주민속자연사박물관,2021-12-10,4
344,제주민속자연사박물관,2021-12-11,4
345,제주민속자연사박물관,2021-12-12,4
346,제주민속자연사박물관,2021-12-13,4
347,제주민속자연사박물관,2021-12-14,1
348,제주민속자연사박물관,2021-12-15,5
349,제주민속자연사박물관,2021-12-16,5
350,제주민속자연사박물관,2021-12-17,3
351,제주민속자연사박물관,2021-12-18,4
352,제주민속자연사박물관,2021-12-19,4
353,제주민속자연사박물관,2021-12-20,2
354,제주민속자연사박물관,2021-12-21,5
355,제주민속자연사박물관,2021-12-22,4
356,제주민속자연사박물관,2021-12-23,2
357,제주민속자연사박물관,2021-12-24,3
358,제주민속자연사박물관,2021-12-25,4
359,제주민속자연사박물관,2021-12-26,2
360,제주민속자연사박물관,2021-12-27,3
361,제주민속자연사박물관,2021-12-28,5
362,제주민속자연사박물관,2021-12-29,4
363,제주민속자연사박물관,2021-12-30,3
364,제주민속자연사박물관,2021-12-31,6
