﻿,관광지,날짜,버즈량
0,제이엠그랑블루요트,2021-01-01,0
1,제이엠그랑블루요트,2021-01-02,0
2,제이엠그랑블루요트,2021-01-03,0
3,제이엠그랑블루요트,2021-01-04,0
4,제이엠그랑블루요트,2021-01-05,0
5,제이엠그랑블루요트,2021-01-06,1
6,제이엠그랑블루요트,2021-01-07,0
7,제이엠그랑블루요트,2021-01-08,0
8,제이엠그랑블루요트,2021-01-09,0
9,제이엠그랑블루요트,2021-01-10,0
10,제이엠그랑블루요트,2021-01-11,0
11,제이엠그랑블루요트,2021-01-12,0
12,제이엠그랑블루요트,2021-01-13,0
13,제이엠그랑블루요트,2021-01-14,0
14,제이엠그랑블루요트,2021-01-15,0
15,제이엠그랑블루요트,2021-01-16,0
16,제이엠그랑블루요트,2021-01-17,0
17,제이엠그랑블루요트,2021-01-18,0
18,제이엠그랑블루요트,2021-01-19,0
19,제이엠그랑블루요트,2021-01-20,0
20,제이엠그랑블루요트,2021-01-21,0
21,제이엠그랑블루요트,2021-01-22,0
22,제이엠그랑블루요트,2021-01-23,0
23,제이엠그랑블루요트,2021-01-24,0
24,제이엠그랑블루요트,2021-01-25,0
25,제이엠그랑블루요트,2021-01-26,0
26,제이엠그랑블루요트,2021-01-27,0
27,제이엠그랑블루요트,2021-01-28,0
28,제이엠그랑블루요트,2021-01-29,0
29,제이엠그랑블루요트,2021-01-30,0
30,제이엠그랑블루요트,2021-01-31,0
31,제이엠그랑블루요트,2021-02-01,0
32,제이엠그랑블루요트,2021-02-02,1
33,제이엠그랑블루요트,2021-02-03,0
34,제이엠그랑블루요트,2021-02-04,0
35,제이엠그랑블루요트,2021-02-05,0
36,제이엠그랑블루요트,2021-02-06,0
37,제이엠그랑블루요트,2021-02-07,0
38,제이엠그랑블루요트,2021-02-08,0
39,제이엠그랑블루요트,2021-02-09,0
40,제이엠그랑블루요트,2021-02-10,0
41,제이엠그랑블루요트,2021-02-11,0
42,제이엠그랑블루요트,2021-02-12,0
43,제이엠그랑블루요트,2021-02-13,0
44,제이엠그랑블루요트,2021-02-14,0
45,제이엠그랑블루요트,2021-02-15,0
46,제이엠그랑블루요트,2021-02-16,0
47,제이엠그랑블루요트,2021-02-17,0
48,제이엠그랑블루요트,2021-02-18,0
49,제이엠그랑블루요트,2021-02-19,0
50,제이엠그랑블루요트,2021-02-20,1
51,제이엠그랑블루요트,2021-02-21,0
52,제이엠그랑블루요트,2021-02-22,0
53,제이엠그랑블루요트,2021-02-23,0
54,제이엠그랑블루요트,2021-02-24,0
55,제이엠그랑블루요트,2021-02-25,0
56,제이엠그랑블루요트,2021-02-26,1
57,제이엠그랑블루요트,2021-02-27,1
58,제이엠그랑블루요트,2021-02-28,0
59,제이엠그랑블루요트,2021-03-01,0
60,제이엠그랑블루요트,2021-03-02,0
61,제이엠그랑블루요트,2021-03-03,0
62,제이엠그랑블루요트,2021-03-04,1
63,제이엠그랑블루요트,2021-03-05,0
64,제이엠그랑블루요트,2021-03-06,0
65,제이엠그랑블루요트,2021-03-07,0
66,제이엠그랑블루요트,2021-03-08,0
67,제이엠그랑블루요트,2021-03-09,0
68,제이엠그랑블루요트,2021-03-10,0
69,제이엠그랑블루요트,2021-03-11,0
70,제이엠그랑블루요트,2021-03-12,0
71,제이엠그랑블루요트,2021-03-13,0
72,제이엠그랑블루요트,2021-03-14,0
73,제이엠그랑블루요트,2021-03-15,0
74,제이엠그랑블루요트,2021-03-16,0
75,제이엠그랑블루요트,2021-03-17,0
76,제이엠그랑블루요트,2021-03-18,2
77,제이엠그랑블루요트,2021-03-19,1
78,제이엠그랑블루요트,2021-03-20,0
79,제이엠그랑블루요트,2021-03-21,1
80,제이엠그랑블루요트,2021-03-22,1
81,제이엠그랑블루요트,2021-03-23,1
82,제이엠그랑블루요트,2021-03-24,1
83,제이엠그랑블루요트,2021-03-25,0
84,제이엠그랑블루요트,2021-03-26,0
85,제이엠그랑블루요트,2021-03-27,0
86,제이엠그랑블루요트,2021-03-28,0
87,제이엠그랑블루요트,2021-03-29,0
88,제이엠그랑블루요트,2021-03-30,1
89,제이엠그랑블루요트,2021-03-31,1
90,제이엠그랑블루요트,2021-04-01,0
91,제이엠그랑블루요트,2021-04-02,0
92,제이엠그랑블루요트,2021-04-03,0
93,제이엠그랑블루요트,2021-04-04,0
94,제이엠그랑블루요트,2021-04-05,0
95,제이엠그랑블루요트,2021-04-06,0
96,제이엠그랑블루요트,2021-04-07,0
97,제이엠그랑블루요트,2021-04-08,0
98,제이엠그랑블루요트,2021-04-09,1
99,제이엠그랑블루요트,2021-04-10,0
100,제이엠그랑블루요트,2021-04-11,0
101,제이엠그랑블루요트,2021-04-12,1
102,제이엠그랑블루요트,2021-04-13,0
103,제이엠그랑블루요트,2021-04-14,0
104,제이엠그랑블루요트,2021-04-15,1
105,제이엠그랑블루요트,2021-04-16,1
106,제이엠그랑블루요트,2021-04-17,1
107,제이엠그랑블루요트,2021-04-18,0
108,제이엠그랑블루요트,2021-04-19,2
109,제이엠그랑블루요트,2021-04-20,0
110,제이엠그랑블루요트,2021-04-21,2
111,제이엠그랑블루요트,2021-04-22,2
112,제이엠그랑블루요트,2021-04-23,0
113,제이엠그랑블루요트,2021-04-24,1
114,제이엠그랑블루요트,2021-04-25,1
115,제이엠그랑블루요트,2021-04-26,0
116,제이엠그랑블루요트,2021-04-27,0
117,제이엠그랑블루요트,2021-04-28,0
118,제이엠그랑블루요트,2021-04-29,0
119,제이엠그랑블루요트,2021-04-30,0
120,제이엠그랑블루요트,2021-05-01,0
121,제이엠그랑블루요트,2021-05-02,0
122,제이엠그랑블루요트,2021-05-03,0
123,제이엠그랑블루요트,2021-05-04,0
124,제이엠그랑블루요트,2021-05-05,0
125,제이엠그랑블루요트,2021-05-06,0
126,제이엠그랑블루요트,2021-05-07,0
127,제이엠그랑블루요트,2021-05-08,0
128,제이엠그랑블루요트,2021-05-09,0
129,제이엠그랑블루요트,2021-05-10,1
130,제이엠그랑블루요트,2021-05-11,1
131,제이엠그랑블루요트,2021-05-12,0
132,제이엠그랑블루요트,2021-05-13,0
133,제이엠그랑블루요트,2021-05-14,1
134,제이엠그랑블루요트,2021-05-15,0
135,제이엠그랑블루요트,2021-05-16,0
136,제이엠그랑블루요트,2021-05-17,0
137,제이엠그랑블루요트,2021-05-18,0
138,제이엠그랑블루요트,2021-05-19,0
139,제이엠그랑블루요트,2021-05-20,0
140,제이엠그랑블루요트,2021-05-21,0
141,제이엠그랑블루요트,2021-05-22,0
142,제이엠그랑블루요트,2021-05-23,0
143,제이엠그랑블루요트,2021-05-24,0
144,제이엠그랑블루요트,2021-05-25,2
145,제이엠그랑블루요트,2021-05-26,0
146,제이엠그랑블루요트,2021-05-27,2
147,제이엠그랑블루요트,2021-05-28,0
148,제이엠그랑블루요트,2021-05-29,1
149,제이엠그랑블루요트,2021-05-30,0
150,제이엠그랑블루요트,2021-05-31,0
151,제이엠그랑블루요트,2021-06-01,0
152,제이엠그랑블루요트,2021-06-02,0
153,제이엠그랑블루요트,2021-06-03,1
154,제이엠그랑블루요트,2021-06-04,0
155,제이엠그랑블루요트,2021-06-05,1
156,제이엠그랑블루요트,2021-06-06,0
157,제이엠그랑블루요트,2021-06-07,0
158,제이엠그랑블루요트,2021-06-08,0
159,제이엠그랑블루요트,2021-06-09,0
160,제이엠그랑블루요트,2021-06-10,0
161,제이엠그랑블루요트,2021-06-11,0
162,제이엠그랑블루요트,2021-06-12,0
163,제이엠그랑블루요트,2021-06-13,0
164,제이엠그랑블루요트,2021-06-14,0
165,제이엠그랑블루요트,2021-06-15,1
166,제이엠그랑블루요트,2021-06-16,1
167,제이엠그랑블루요트,2021-06-17,0
168,제이엠그랑블루요트,2021-06-18,0
169,제이엠그랑블루요트,2021-06-19,0
170,제이엠그랑블루요트,2021-06-20,0
171,제이엠그랑블루요트,2021-06-21,0
172,제이엠그랑블루요트,2021-06-22,0
173,제이엠그랑블루요트,2021-06-23,0
174,제이엠그랑블루요트,2021-06-24,1
175,제이엠그랑블루요트,2021-06-25,0
176,제이엠그랑블루요트,2021-06-26,1
177,제이엠그랑블루요트,2021-06-27,0
178,제이엠그랑블루요트,2021-06-28,0
179,제이엠그랑블루요트,2021-06-29,1
180,제이엠그랑블루요트,2021-06-30,2
181,제이엠그랑블루요트,2021-07-01,0
182,제이엠그랑블루요트,2021-07-02,0
183,제이엠그랑블루요트,2021-07-03,0
184,제이엠그랑블루요트,2021-07-04,0
185,제이엠그랑블루요트,2021-07-05,0
186,제이엠그랑블루요트,2021-07-06,0
187,제이엠그랑블루요트,2021-07-07,0
188,제이엠그랑블루요트,2021-07-08,0
189,제이엠그랑블루요트,2021-07-09,1
190,제이엠그랑블루요트,2021-07-10,0
191,제이엠그랑블루요트,2021-07-11,1
192,제이엠그랑블루요트,2021-07-12,1
193,제이엠그랑블루요트,2021-07-13,0
194,제이엠그랑블루요트,2021-07-14,0
195,제이엠그랑블루요트,2021-07-15,0
196,제이엠그랑블루요트,2021-07-16,1
197,제이엠그랑블루요트,2021-07-17,0
198,제이엠그랑블루요트,2021-07-18,0
199,제이엠그랑블루요트,2021-07-19,0
200,제이엠그랑블루요트,2021-07-20,1
201,제이엠그랑블루요트,2021-07-21,0
202,제이엠그랑블루요트,2021-07-22,0
203,제이엠그랑블루요트,2021-07-23,0
204,제이엠그랑블루요트,2021-07-24,0
205,제이엠그랑블루요트,2021-07-25,0
206,제이엠그랑블루요트,2021-07-26,0
207,제이엠그랑블루요트,2021-07-27,0
208,제이엠그랑블루요트,2021-07-28,0
209,제이엠그랑블루요트,2021-07-29,0
210,제이엠그랑블루요트,2021-07-30,0
211,제이엠그랑블루요트,2021-07-31,0
212,제이엠그랑블루요트,2021-08-01,0
213,제이엠그랑블루요트,2021-08-02,0
214,제이엠그랑블루요트,2021-08-03,0
215,제이엠그랑블루요트,2021-08-04,0
216,제이엠그랑블루요트,2021-08-05,0
217,제이엠그랑블루요트,2021-08-06,1
218,제이엠그랑블루요트,2021-08-07,0
219,제이엠그랑블루요트,2021-08-08,0
220,제이엠그랑블루요트,2021-08-09,0
221,제이엠그랑블루요트,2021-08-10,0
222,제이엠그랑블루요트,2021-08-11,0
223,제이엠그랑블루요트,2021-08-12,2
224,제이엠그랑블루요트,2021-08-13,0
225,제이엠그랑블루요트,2021-08-14,0
226,제이엠그랑블루요트,2021-08-15,1
227,제이엠그랑블루요트,2021-08-16,0
228,제이엠그랑블루요트,2021-08-17,0
229,제이엠그랑블루요트,2021-08-18,1
230,제이엠그랑블루요트,2021-08-19,0
231,제이엠그랑블루요트,2021-08-20,1
232,제이엠그랑블루요트,2021-08-21,0
233,제이엠그랑블루요트,2021-08-22,0
234,제이엠그랑블루요트,2021-08-23,0
235,제이엠그랑블루요트,2021-08-24,0
236,제이엠그랑블루요트,2021-08-25,0
237,제이엠그랑블루요트,2021-08-26,0
238,제이엠그랑블루요트,2021-08-27,2
239,제이엠그랑블루요트,2021-08-28,0
240,제이엠그랑블루요트,2021-08-29,0
241,제이엠그랑블루요트,2021-08-30,0
242,제이엠그랑블루요트,2021-08-31,0
243,제이엠그랑블루요트,2021-09-01,0
244,제이엠그랑블루요트,2021-09-02,0
245,제이엠그랑블루요트,2021-09-03,1
246,제이엠그랑블루요트,2021-09-04,0
247,제이엠그랑블루요트,2021-09-05,2
248,제이엠그랑블루요트,2021-09-06,0
249,제이엠그랑블루요트,2021-09-07,0
250,제이엠그랑블루요트,2021-09-08,0
251,제이엠그랑블루요트,2021-09-09,0
252,제이엠그랑블루요트,2021-09-10,1
253,제이엠그랑블루요트,2021-09-11,1
254,제이엠그랑블루요트,2021-09-12,0
255,제이엠그랑블루요트,2021-09-13,1
256,제이엠그랑블루요트,2021-09-14,0
257,제이엠그랑블루요트,2021-09-15,0
258,제이엠그랑블루요트,2021-09-16,0
259,제이엠그랑블루요트,2021-09-17,0
260,제이엠그랑블루요트,2021-09-18,0
261,제이엠그랑블루요트,2021-09-19,1
262,제이엠그랑블루요트,2021-09-20,0
263,제이엠그랑블루요트,2021-09-21,0
264,제이엠그랑블루요트,2021-09-22,0
265,제이엠그랑블루요트,2021-09-23,1
266,제이엠그랑블루요트,2021-09-24,0
267,제이엠그랑블루요트,2021-09-25,0
268,제이엠그랑블루요트,2021-09-26,1
269,제이엠그랑블루요트,2021-09-27,0
270,제이엠그랑블루요트,2021-09-28,0
271,제이엠그랑블루요트,2021-09-29,0
272,제이엠그랑블루요트,2021-09-30,0
273,제이엠그랑블루요트,2021-10-01,0
274,제이엠그랑블루요트,2021-10-02,0
275,제이엠그랑블루요트,2021-10-03,0
276,제이엠그랑블루요트,2021-10-04,0
277,제이엠그랑블루요트,2021-10-05,0
278,제이엠그랑블루요트,2021-10-06,0
279,제이엠그랑블루요트,2021-10-07,0
280,제이엠그랑블루요트,2021-10-08,0
281,제이엠그랑블루요트,2021-10-09,0
282,제이엠그랑블루요트,2021-10-10,0
283,제이엠그랑블루요트,2021-10-11,0
284,제이엠그랑블루요트,2021-10-12,0
285,제이엠그랑블루요트,2021-10-13,1
286,제이엠그랑블루요트,2021-10-14,0
287,제이엠그랑블루요트,2021-10-15,0
288,제이엠그랑블루요트,2021-10-16,0
289,제이엠그랑블루요트,2021-10-17,0
290,제이엠그랑블루요트,2021-10-18,0
291,제이엠그랑블루요트,2021-10-19,0
292,제이엠그랑블루요트,2021-10-20,0
293,제이엠그랑블루요트,2021-10-21,1
294,제이엠그랑블루요트,2021-10-22,0
295,제이엠그랑블루요트,2021-10-23,0
296,제이엠그랑블루요트,2021-10-24,0
297,제이엠그랑블루요트,2021-10-25,1
298,제이엠그랑블루요트,2021-10-26,0
299,제이엠그랑블루요트,2021-10-27,0
300,제이엠그랑블루요트,2021-10-28,0
301,제이엠그랑블루요트,2021-10-29,0
302,제이엠그랑블루요트,2021-10-30,0
303,제이엠그랑블루요트,2021-10-31,0
304,제이엠그랑블루요트,2021-11-01,0
305,제이엠그랑블루요트,2021-11-02,0
306,제이엠그랑블루요트,2021-11-03,1
307,제이엠그랑블루요트,2021-11-04,0
308,제이엠그랑블루요트,2021-11-05,0
309,제이엠그랑블루요트,2021-11-06,0
310,제이엠그랑블루요트,2021-11-07,0
311,제이엠그랑블루요트,2021-11-08,0
312,제이엠그랑블루요트,2021-11-09,0
313,제이엠그랑블루요트,2021-11-10,0
314,제이엠그랑블루요트,2021-11-11,0
315,제이엠그랑블루요트,2021-11-12,0
316,제이엠그랑블루요트,2021-11-13,0
317,제이엠그랑블루요트,2021-11-14,0
318,제이엠그랑블루요트,2021-11-15,0
319,제이엠그랑블루요트,2021-11-16,0
320,제이엠그랑블루요트,2021-11-17,0
321,제이엠그랑블루요트,2021-11-18,0
322,제이엠그랑블루요트,2021-11-19,0
323,제이엠그랑블루요트,2021-11-20,0
324,제이엠그랑블루요트,2021-11-21,0
325,제이엠그랑블루요트,2021-11-22,0
326,제이엠그랑블루요트,2021-11-23,0
327,제이엠그랑블루요트,2021-11-24,0
328,제이엠그랑블루요트,2021-11-25,0
329,제이엠그랑블루요트,2021-11-26,1
330,제이엠그랑블루요트,2021-11-27,0
331,제이엠그랑블루요트,2021-11-28,0
332,제이엠그랑블루요트,2021-11-29,0
333,제이엠그랑블루요트,2021-11-30,0
334,제이엠그랑블루요트,2021-12-01,0
335,제이엠그랑블루요트,2021-12-02,0
336,제이엠그랑블루요트,2021-12-03,0
337,제이엠그랑블루요트,2021-12-04,0
338,제이엠그랑블루요트,2021-12-05,0
339,제이엠그랑블루요트,2021-12-06,0
340,제이엠그랑블루요트,2021-12-07,0
341,제이엠그랑블루요트,2021-12-08,0
342,제이엠그랑블루요트,2021-12-09,1
343,제이엠그랑블루요트,2021-12-10,0
344,제이엠그랑블루요트,2021-12-11,0
345,제이엠그랑블루요트,2021-12-12,0
346,제이엠그랑블루요트,2021-12-13,0
347,제이엠그랑블루요트,2021-12-14,0
348,제이엠그랑블루요트,2021-12-15,0
349,제이엠그랑블루요트,2021-12-16,0
350,제이엠그랑블루요트,2021-12-17,0
351,제이엠그랑블루요트,2021-12-18,0
352,제이엠그랑블루요트,2021-12-19,0
353,제이엠그랑블루요트,2021-12-20,0
354,제이엠그랑블루요트,2021-12-21,0
355,제이엠그랑블루요트,2021-12-22,0
356,제이엠그랑블루요트,2021-12-23,0
357,제이엠그랑블루요트,2021-12-24,0
358,제이엠그랑블루요트,2021-12-25,0
359,제이엠그랑블루요트,2021-12-26,0
360,제이엠그랑블루요트,2021-12-27,0
361,제이엠그랑블루요트,2021-12-28,0
362,제이엠그랑블루요트,2021-12-29,0
363,제이엠그랑블루요트,2021-12-30,0
364,제이엠그랑블루요트,2021-12-31,0
