﻿,관광지,날짜,버즈량
0,제주별빛누리공원,2021-01-01,2
1,제주별빛누리공원,2021-01-02,0
2,제주별빛누리공원,2021-01-03,0
3,제주별빛누리공원,2021-01-04,0
4,제주별빛누리공원,2021-01-05,1
5,제주별빛누리공원,2021-01-06,1
6,제주별빛누리공원,2021-01-07,0
7,제주별빛누리공원,2021-01-08,1
8,제주별빛누리공원,2021-01-09,0
9,제주별빛누리공원,2021-01-10,0
10,제주별빛누리공원,2021-01-11,0
11,제주별빛누리공원,2021-01-12,0
12,제주별빛누리공원,2021-01-13,0
13,제주별빛누리공원,2021-01-14,0
14,제주별빛누리공원,2021-01-15,0
15,제주별빛누리공원,2021-01-16,0
16,제주별빛누리공원,2021-01-17,0
17,제주별빛누리공원,2021-01-18,0
18,제주별빛누리공원,2021-01-19,0
19,제주별빛누리공원,2021-01-20,0
20,제주별빛누리공원,2021-01-21,0
21,제주별빛누리공원,2021-01-22,1
22,제주별빛누리공원,2021-01-23,0
23,제주별빛누리공원,2021-01-24,0
24,제주별빛누리공원,2021-01-25,1
25,제주별빛누리공원,2021-01-26,1
26,제주별빛누리공원,2021-01-27,0
27,제주별빛누리공원,2021-01-28,0
28,제주별빛누리공원,2021-01-29,0
29,제주별빛누리공원,2021-01-30,2
30,제주별빛누리공원,2021-01-31,1
31,제주별빛누리공원,2021-02-01,0
32,제주별빛누리공원,2021-02-02,0
33,제주별빛누리공원,2021-02-03,4
34,제주별빛누리공원,2021-02-04,0
35,제주별빛누리공원,2021-02-05,2
36,제주별빛누리공원,2021-02-06,0
37,제주별빛누리공원,2021-02-07,2
38,제주별빛누리공원,2021-02-08,0
39,제주별빛누리공원,2021-02-09,0
40,제주별빛누리공원,2021-02-10,2
41,제주별빛누리공원,2021-02-11,0
42,제주별빛누리공원,2021-02-12,1
43,제주별빛누리공원,2021-02-13,0
44,제주별빛누리공원,2021-02-14,0
45,제주별빛누리공원,2021-02-15,0
46,제주별빛누리공원,2021-02-16,0
47,제주별빛누리공원,2021-02-17,0
48,제주별빛누리공원,2021-02-18,0
49,제주별빛누리공원,2021-02-19,0
50,제주별빛누리공원,2021-02-20,0
51,제주별빛누리공원,2021-02-21,1
52,제주별빛누리공원,2021-02-22,0
53,제주별빛누리공원,2021-02-23,0
54,제주별빛누리공원,2021-02-24,0
55,제주별빛누리공원,2021-02-25,0
56,제주별빛누리공원,2021-02-26,0
57,제주별빛누리공원,2021-02-27,0
58,제주별빛누리공원,2021-02-28,1
59,제주별빛누리공원,2021-03-01,0
60,제주별빛누리공원,2021-03-02,1
61,제주별빛누리공원,2021-03-03,0
62,제주별빛누리공원,2021-03-04,0
63,제주별빛누리공원,2021-03-05,0
64,제주별빛누리공원,2021-03-06,0
65,제주별빛누리공원,2021-03-07,0
66,제주별빛누리공원,2021-03-08,1
67,제주별빛누리공원,2021-03-09,0
68,제주별빛누리공원,2021-03-10,0
69,제주별빛누리공원,2021-03-11,0
70,제주별빛누리공원,2021-03-12,0
71,제주별빛누리공원,2021-03-13,0
72,제주별빛누리공원,2021-03-14,0
73,제주별빛누리공원,2021-03-15,0
74,제주별빛누리공원,2021-03-16,0
75,제주별빛누리공원,2021-03-17,0
76,제주별빛누리공원,2021-03-18,0
77,제주별빛누리공원,2021-03-19,0
78,제주별빛누리공원,2021-03-20,0
79,제주별빛누리공원,2021-03-21,0
80,제주별빛누리공원,2021-03-22,1
81,제주별빛누리공원,2021-03-23,0
82,제주별빛누리공원,2021-03-24,1
83,제주별빛누리공원,2021-03-25,1
84,제주별빛누리공원,2021-03-26,0
85,제주별빛누리공원,2021-03-27,0
86,제주별빛누리공원,2021-03-28,0
87,제주별빛누리공원,2021-03-29,0
88,제주별빛누리공원,2021-03-30,1
89,제주별빛누리공원,2021-03-31,0
90,제주별빛누리공원,2021-04-01,1
91,제주별빛누리공원,2021-04-02,0
92,제주별빛누리공원,2021-04-03,0
93,제주별빛누리공원,2021-04-04,0
94,제주별빛누리공원,2021-04-05,0
95,제주별빛누리공원,2021-04-06,1
96,제주별빛누리공원,2021-04-07,1
97,제주별빛누리공원,2021-04-08,1
98,제주별빛누리공원,2021-04-09,0
99,제주별빛누리공원,2021-04-10,0
100,제주별빛누리공원,2021-04-11,0
101,제주별빛누리공원,2021-04-12,0
102,제주별빛누리공원,2021-04-13,0
103,제주별빛누리공원,2021-04-14,0
104,제주별빛누리공원,2021-04-15,0
105,제주별빛누리공원,2021-04-16,1
106,제주별빛누리공원,2021-04-17,0
107,제주별빛누리공원,2021-04-18,1
108,제주별빛누리공원,2021-04-19,0
109,제주별빛누리공원,2021-04-20,0
110,제주별빛누리공원,2021-04-21,0
111,제주별빛누리공원,2021-04-22,0
112,제주별빛누리공원,2021-04-23,1
113,제주별빛누리공원,2021-04-24,0
114,제주별빛누리공원,2021-04-25,0
115,제주별빛누리공원,2021-04-26,0
116,제주별빛누리공원,2021-04-27,1
117,제주별빛누리공원,2021-04-28,2
118,제주별빛누리공원,2021-04-29,0
119,제주별빛누리공원,2021-04-30,1
120,제주별빛누리공원,2021-05-01,0
121,제주별빛누리공원,2021-05-02,1
122,제주별빛누리공원,2021-05-03,1
123,제주별빛누리공원,2021-05-04,1
124,제주별빛누리공원,2021-05-05,1
125,제주별빛누리공원,2021-05-06,0
126,제주별빛누리공원,2021-05-07,0
127,제주별빛누리공원,2021-05-08,1
128,제주별빛누리공원,2021-05-09,0
129,제주별빛누리공원,2021-05-10,0
130,제주별빛누리공원,2021-05-11,0
131,제주별빛누리공원,2021-05-12,2
132,제주별빛누리공원,2021-05-13,0
133,제주별빛누리공원,2021-05-14,0
134,제주별빛누리공원,2021-05-15,1
135,제주별빛누리공원,2021-05-16,1
136,제주별빛누리공원,2021-05-17,0
137,제주별빛누리공원,2021-05-18,1
138,제주별빛누리공원,2021-05-19,0
139,제주별빛누리공원,2021-05-20,1
140,제주별빛누리공원,2021-05-21,1
141,제주별빛누리공원,2021-05-22,1
142,제주별빛누리공원,2021-05-23,1
143,제주별빛누리공원,2021-05-24,0
144,제주별빛누리공원,2021-05-25,0
145,제주별빛누리공원,2021-05-26,0
146,제주별빛누리공원,2021-05-27,1
147,제주별빛누리공원,2021-05-28,1
148,제주별빛누리공원,2021-05-29,0
149,제주별빛누리공원,2021-05-30,1
150,제주별빛누리공원,2021-05-31,1
151,제주별빛누리공원,2021-06-01,0
152,제주별빛누리공원,2021-06-02,0
153,제주별빛누리공원,2021-06-03,1
154,제주별빛누리공원,2021-06-04,0
155,제주별빛누리공원,2021-06-05,0
156,제주별빛누리공원,2021-06-06,0
157,제주별빛누리공원,2021-06-07,1
158,제주별빛누리공원,2021-06-08,0
159,제주별빛누리공원,2021-06-09,0
160,제주별빛누리공원,2021-06-10,0
161,제주별빛누리공원,2021-06-11,0
162,제주별빛누리공원,2021-06-12,0
163,제주별빛누리공원,2021-06-13,0
164,제주별빛누리공원,2021-06-14,0
165,제주별빛누리공원,2021-06-15,0
166,제주별빛누리공원,2021-06-16,1
167,제주별빛누리공원,2021-06-17,0
168,제주별빛누리공원,2021-06-18,2
169,제주별빛누리공원,2021-06-19,0
170,제주별빛누리공원,2021-06-20,0
171,제주별빛누리공원,2021-06-21,0
172,제주별빛누리공원,2021-06-22,0
173,제주별빛누리공원,2021-06-23,0
174,제주별빛누리공원,2021-06-24,2
175,제주별빛누리공원,2021-06-25,0
176,제주별빛누리공원,2021-06-26,0
177,제주별빛누리공원,2021-06-27,0
178,제주별빛누리공원,2021-06-28,1
179,제주별빛누리공원,2021-06-29,0
180,제주별빛누리공원,2021-06-30,0
181,제주별빛누리공원,2021-07-01,1
182,제주별빛누리공원,2021-07-02,2
183,제주별빛누리공원,2021-07-03,0
184,제주별빛누리공원,2021-07-04,0
185,제주별빛누리공원,2021-07-05,0
186,제주별빛누리공원,2021-07-06,1
187,제주별빛누리공원,2021-07-07,1
188,제주별빛누리공원,2021-07-08,0
189,제주별빛누리공원,2021-07-09,0
190,제주별빛누리공원,2021-07-10,0
191,제주별빛누리공원,2021-07-11,1
192,제주별빛누리공원,2021-07-12,2
193,제주별빛누리공원,2021-07-13,0
194,제주별빛누리공원,2021-07-14,0
195,제주별빛누리공원,2021-07-15,1
196,제주별빛누리공원,2021-07-16,0
197,제주별빛누리공원,2021-07-17,0
198,제주별빛누리공원,2021-07-18,1
199,제주별빛누리공원,2021-07-19,1
200,제주별빛누리공원,2021-07-20,1
201,제주별빛누리공원,2021-07-21,2
202,제주별빛누리공원,2021-07-22,0
203,제주별빛누리공원,2021-07-23,1
204,제주별빛누리공원,2021-07-24,0
205,제주별빛누리공원,2021-07-25,0
206,제주별빛누리공원,2021-07-26,0
207,제주별빛누리공원,2021-07-27,0
208,제주별빛누리공원,2021-07-28,0
209,제주별빛누리공원,2021-07-29,1
210,제주별빛누리공원,2021-07-30,0
211,제주별빛누리공원,2021-07-31,0
212,제주별빛누리공원,2021-08-01,0
213,제주별빛누리공원,2021-08-02,0
214,제주별빛누리공원,2021-08-03,0
215,제주별빛누리공원,2021-08-04,0
216,제주별빛누리공원,2021-08-05,0
217,제주별빛누리공원,2021-08-06,0
218,제주별빛누리공원,2021-08-07,1
219,제주별빛누리공원,2021-08-08,0
220,제주별빛누리공원,2021-08-09,0
221,제주별빛누리공원,2021-08-10,1
222,제주별빛누리공원,2021-08-11,0
223,제주별빛누리공원,2021-08-12,2
224,제주별빛누리공원,2021-08-13,0
225,제주별빛누리공원,2021-08-14,0
226,제주별빛누리공원,2021-08-15,0
227,제주별빛누리공원,2021-08-16,0
228,제주별빛누리공원,2021-08-17,0
229,제주별빛누리공원,2021-08-18,1
230,제주별빛누리공원,2021-08-19,1
231,제주별빛누리공원,2021-08-20,0
232,제주별빛누리공원,2021-08-21,1
233,제주별빛누리공원,2021-08-22,0
234,제주별빛누리공원,2021-08-23,0
235,제주별빛누리공원,2021-08-24,0
236,제주별빛누리공원,2021-08-25,2
237,제주별빛누리공원,2021-08-26,0
238,제주별빛누리공원,2021-08-27,1
239,제주별빛누리공원,2021-08-28,3
240,제주별빛누리공원,2021-08-29,0
241,제주별빛누리공원,2021-08-30,2
242,제주별빛누리공원,2021-08-31,2
243,제주별빛누리공원,2021-09-01,0
244,제주별빛누리공원,2021-09-02,1
245,제주별빛누리공원,2021-09-03,0
246,제주별빛누리공원,2021-09-04,0
247,제주별빛누리공원,2021-09-05,0
248,제주별빛누리공원,2021-09-06,0
249,제주별빛누리공원,2021-09-07,1
250,제주별빛누리공원,2021-09-08,0
251,제주별빛누리공원,2021-09-09,1
252,제주별빛누리공원,2021-09-10,1
253,제주별빛누리공원,2021-09-11,0
254,제주별빛누리공원,2021-09-12,1
255,제주별빛누리공원,2021-09-13,0
256,제주별빛누리공원,2021-09-14,0
257,제주별빛누리공원,2021-09-15,0
258,제주별빛누리공원,2021-09-16,0
259,제주별빛누리공원,2021-09-17,0
260,제주별빛누리공원,2021-09-18,0
261,제주별빛누리공원,2021-09-19,0
262,제주별빛누리공원,2021-09-20,1
263,제주별빛누리공원,2021-09-21,0
264,제주별빛누리공원,2021-09-22,0
265,제주별빛누리공원,2021-09-23,1
266,제주별빛누리공원,2021-09-24,1
267,제주별빛누리공원,2021-09-25,0
268,제주별빛누리공원,2021-09-26,1
269,제주별빛누리공원,2021-09-27,0
270,제주별빛누리공원,2021-09-28,0
271,제주별빛누리공원,2021-09-29,0
272,제주별빛누리공원,2021-09-30,1
273,제주별빛누리공원,2021-10-01,0
274,제주별빛누리공원,2021-10-02,1
275,제주별빛누리공원,2021-10-03,0
276,제주별빛누리공원,2021-10-04,0
277,제주별빛누리공원,2021-10-05,0
278,제주별빛누리공원,2021-10-06,0
279,제주별빛누리공원,2021-10-07,0
280,제주별빛누리공원,2021-10-08,0
281,제주별빛누리공원,2021-10-09,0
282,제주별빛누리공원,2021-10-10,0
283,제주별빛누리공원,2021-10-11,0
284,제주별빛누리공원,2021-10-12,1
285,제주별빛누리공원,2021-10-13,0
286,제주별빛누리공원,2021-10-14,3
287,제주별빛누리공원,2021-10-15,0
288,제주별빛누리공원,2021-10-16,0
289,제주별빛누리공원,2021-10-17,0
290,제주별빛누리공원,2021-10-18,1
291,제주별빛누리공원,2021-10-19,0
292,제주별빛누리공원,2021-10-20,1
293,제주별빛누리공원,2021-10-21,0
294,제주별빛누리공원,2021-10-22,1
295,제주별빛누리공원,2021-10-23,1
296,제주별빛누리공원,2021-10-24,0
297,제주별빛누리공원,2021-10-25,0
298,제주별빛누리공원,2021-10-26,1
299,제주별빛누리공원,2021-10-27,0
300,제주별빛누리공원,2021-10-28,1
301,제주별빛누리공원,2021-10-29,1
302,제주별빛누리공원,2021-10-30,0
303,제주별빛누리공원,2021-10-31,0
304,제주별빛누리공원,2021-11-01,0
305,제주별빛누리공원,2021-11-02,1
306,제주별빛누리공원,2021-11-03,0
307,제주별빛누리공원,2021-11-04,1
308,제주별빛누리공원,2021-11-05,1
309,제주별빛누리공원,2021-11-06,2
310,제주별빛누리공원,2021-11-07,0
311,제주별빛누리공원,2021-11-08,0
312,제주별빛누리공원,2021-11-09,0
313,제주별빛누리공원,2021-11-10,1
314,제주별빛누리공원,2021-11-11,0
315,제주별빛누리공원,2021-11-12,0
316,제주별빛누리공원,2021-11-13,1
317,제주별빛누리공원,2021-11-14,0
318,제주별빛누리공원,2021-11-15,4
319,제주별빛누리공원,2021-11-16,0
320,제주별빛누리공원,2021-11-17,0
321,제주별빛누리공원,2021-11-18,0
322,제주별빛누리공원,2021-11-19,3
323,제주별빛누리공원,2021-11-20,0
324,제주별빛누리공원,2021-11-21,2
325,제주별빛누리공원,2021-11-22,0
326,제주별빛누리공원,2021-11-23,0
327,제주별빛누리공원,2021-11-24,1
328,제주별빛누리공원,2021-11-25,0
329,제주별빛누리공원,2021-11-26,0
330,제주별빛누리공원,2021-11-27,0
331,제주별빛누리공원,2021-11-28,0
332,제주별빛누리공원,2021-11-29,0
333,제주별빛누리공원,2021-11-30,1
334,제주별빛누리공원,2021-12-01,0
335,제주별빛누리공원,2021-12-02,0
336,제주별빛누리공원,2021-12-03,0
337,제주별빛누리공원,2021-12-04,1
338,제주별빛누리공원,2021-12-05,0
339,제주별빛누리공원,2021-12-06,0
340,제주별빛누리공원,2021-12-07,0
341,제주별빛누리공원,2021-12-08,0
342,제주별빛누리공원,2021-12-09,1
343,제주별빛누리공원,2021-12-10,0
344,제주별빛누리공원,2021-12-11,0
345,제주별빛누리공원,2021-12-12,0
346,제주별빛누리공원,2021-12-13,0
347,제주별빛누리공원,2021-12-14,0
348,제주별빛누리공원,2021-12-15,2
349,제주별빛누리공원,2021-12-16,1
350,제주별빛누리공원,2021-12-17,0
351,제주별빛누리공원,2021-12-18,0
352,제주별빛누리공원,2021-12-19,0
353,제주별빛누리공원,2021-12-20,0
354,제주별빛누리공원,2021-12-21,0
355,제주별빛누리공원,2021-12-22,0
356,제주별빛누리공원,2021-12-23,0
357,제주별빛누리공원,2021-12-24,0
358,제주별빛누리공원,2021-12-25,0
359,제주별빛누리공원,2021-12-26,0
360,제주별빛누리공원,2021-12-27,0
361,제주별빛누리공원,2021-12-28,0
362,제주별빛누리공원,2021-12-29,0
363,제주별빛누리공원,2021-12-30,1
364,제주별빛누리공원,2021-12-31,2
