﻿,관광지,날짜,버즈량
0,제주다원녹차미로공원,2021-01-01,0
1,제주다원녹차미로공원,2021-01-02,0
2,제주다원녹차미로공원,2021-01-03,0
3,제주다원녹차미로공원,2021-01-04,2
4,제주다원녹차미로공원,2021-01-05,1
5,제주다원녹차미로공원,2021-01-06,0
6,제주다원녹차미로공원,2021-01-07,1
7,제주다원녹차미로공원,2021-01-08,2
8,제주다원녹차미로공원,2021-01-09,2
9,제주다원녹차미로공원,2021-01-10,0
10,제주다원녹차미로공원,2021-01-11,1
11,제주다원녹차미로공원,2021-01-12,1
12,제주다원녹차미로공원,2021-01-13,1
13,제주다원녹차미로공원,2021-01-14,0
14,제주다원녹차미로공원,2021-01-15,1
15,제주다원녹차미로공원,2021-01-16,1
16,제주다원녹차미로공원,2021-01-17,0
17,제주다원녹차미로공원,2021-01-18,0
18,제주다원녹차미로공원,2021-01-19,0
19,제주다원녹차미로공원,2021-01-20,1
20,제주다원녹차미로공원,2021-01-21,1
21,제주다원녹차미로공원,2021-01-22,1
22,제주다원녹차미로공원,2021-01-23,2
23,제주다원녹차미로공원,2021-01-24,2
24,제주다원녹차미로공원,2021-01-25,0
25,제주다원녹차미로공원,2021-01-26,0
26,제주다원녹차미로공원,2021-01-27,0
27,제주다원녹차미로공원,2021-01-28,0
28,제주다원녹차미로공원,2021-01-29,0
29,제주다원녹차미로공원,2021-01-30,0
30,제주다원녹차미로공원,2021-01-31,0
31,제주다원녹차미로공원,2021-02-01,0
32,제주다원녹차미로공원,2021-02-02,0
33,제주다원녹차미로공원,2021-02-03,1
34,제주다원녹차미로공원,2021-02-04,4
35,제주다원녹차미로공원,2021-02-05,0
36,제주다원녹차미로공원,2021-02-06,2
37,제주다원녹차미로공원,2021-02-07,0
38,제주다원녹차미로공원,2021-02-08,2
39,제주다원녹차미로공원,2021-02-09,0
40,제주다원녹차미로공원,2021-02-10,0
41,제주다원녹차미로공원,2021-02-11,1
42,제주다원녹차미로공원,2021-02-12,0
43,제주다원녹차미로공원,2021-02-13,1
44,제주다원녹차미로공원,2021-02-14,0
45,제주다원녹차미로공원,2021-02-15,0
46,제주다원녹차미로공원,2021-02-16,0
47,제주다원녹차미로공원,2021-02-17,0
48,제주다원녹차미로공원,2021-02-18,0
49,제주다원녹차미로공원,2021-02-19,1
50,제주다원녹차미로공원,2021-02-20,1
51,제주다원녹차미로공원,2021-02-21,0
52,제주다원녹차미로공원,2021-02-22,0
53,제주다원녹차미로공원,2021-02-23,2
54,제주다원녹차미로공원,2021-02-24,2
55,제주다원녹차미로공원,2021-02-25,1
56,제주다원녹차미로공원,2021-02-26,4
57,제주다원녹차미로공원,2021-02-27,1
58,제주다원녹차미로공원,2021-02-28,2
59,제주다원녹차미로공원,2021-03-01,0
60,제주다원녹차미로공원,2021-03-02,2
61,제주다원녹차미로공원,2021-03-03,0
62,제주다원녹차미로공원,2021-03-04,0
63,제주다원녹차미로공원,2021-03-05,3
64,제주다원녹차미로공원,2021-03-06,2
65,제주다원녹차미로공원,2021-03-07,2
66,제주다원녹차미로공원,2021-03-08,1
67,제주다원녹차미로공원,2021-03-09,1
68,제주다원녹차미로공원,2021-03-10,0
69,제주다원녹차미로공원,2021-03-11,3
70,제주다원녹차미로공원,2021-03-12,1
71,제주다원녹차미로공원,2021-03-13,1
72,제주다원녹차미로공원,2021-03-14,4
73,제주다원녹차미로공원,2021-03-15,2
74,제주다원녹차미로공원,2021-03-16,2
75,제주다원녹차미로공원,2021-03-17,1
76,제주다원녹차미로공원,2021-03-18,0
77,제주다원녹차미로공원,2021-03-19,2
78,제주다원녹차미로공원,2021-03-20,1
79,제주다원녹차미로공원,2021-03-21,0
80,제주다원녹차미로공원,2021-03-22,0
81,제주다원녹차미로공원,2021-03-23,1
82,제주다원녹차미로공원,2021-03-24,3
83,제주다원녹차미로공원,2021-03-25,0
84,제주다원녹차미로공원,2021-03-26,0
85,제주다원녹차미로공원,2021-03-27,1
86,제주다원녹차미로공원,2021-03-28,2
87,제주다원녹차미로공원,2021-03-29,2
88,제주다원녹차미로공원,2021-03-30,2
89,제주다원녹차미로공원,2021-03-31,0
90,제주다원녹차미로공원,2021-04-01,2
91,제주다원녹차미로공원,2021-04-02,0
92,제주다원녹차미로공원,2021-04-03,0
93,제주다원녹차미로공원,2021-04-04,1
94,제주다원녹차미로공원,2021-04-05,1
95,제주다원녹차미로공원,2021-04-06,1
96,제주다원녹차미로공원,2021-04-07,2
97,제주다원녹차미로공원,2021-04-08,0
98,제주다원녹차미로공원,2021-04-09,3
99,제주다원녹차미로공원,2021-04-10,0
100,제주다원녹차미로공원,2021-04-11,0
101,제주다원녹차미로공원,2021-04-12,1
102,제주다원녹차미로공원,2021-04-13,0
103,제주다원녹차미로공원,2021-04-14,1
104,제주다원녹차미로공원,2021-04-15,1
105,제주다원녹차미로공원,2021-04-16,0
106,제주다원녹차미로공원,2021-04-17,1
107,제주다원녹차미로공원,2021-04-18,4
108,제주다원녹차미로공원,2021-04-19,1
109,제주다원녹차미로공원,2021-04-20,1
110,제주다원녹차미로공원,2021-04-21,1
111,제주다원녹차미로공원,2021-04-22,2
112,제주다원녹차미로공원,2021-04-23,1
113,제주다원녹차미로공원,2021-04-24,1
114,제주다원녹차미로공원,2021-04-25,1
115,제주다원녹차미로공원,2021-04-26,2
116,제주다원녹차미로공원,2021-04-27,1
117,제주다원녹차미로공원,2021-04-28,0
118,제주다원녹차미로공원,2021-04-29,1
119,제주다원녹차미로공원,2021-04-30,1
120,제주다원녹차미로공원,2021-05-01,1
121,제주다원녹차미로공원,2021-05-02,2
122,제주다원녹차미로공원,2021-05-03,3
123,제주다원녹차미로공원,2021-05-04,4
124,제주다원녹차미로공원,2021-05-05,1
125,제주다원녹차미로공원,2021-05-06,1
126,제주다원녹차미로공원,2021-05-07,5
127,제주다원녹차미로공원,2021-05-08,1
128,제주다원녹차미로공원,2021-05-09,0
129,제주다원녹차미로공원,2021-05-10,3
130,제주다원녹차미로공원,2021-05-11,1
131,제주다원녹차미로공원,2021-05-12,2
132,제주다원녹차미로공원,2021-05-13,3
133,제주다원녹차미로공원,2021-05-14,2
134,제주다원녹차미로공원,2021-05-15,0
135,제주다원녹차미로공원,2021-05-16,1
136,제주다원녹차미로공원,2021-05-17,0
137,제주다원녹차미로공원,2021-05-18,0
138,제주다원녹차미로공원,2021-05-19,2
139,제주다원녹차미로공원,2021-05-20,1
140,제주다원녹차미로공원,2021-05-21,1
141,제주다원녹차미로공원,2021-05-22,0
142,제주다원녹차미로공원,2021-05-23,1
143,제주다원녹차미로공원,2021-05-24,1
144,제주다원녹차미로공원,2021-05-25,1
145,제주다원녹차미로공원,2021-05-26,2
146,제주다원녹차미로공원,2021-05-27,2
147,제주다원녹차미로공원,2021-05-28,0
148,제주다원녹차미로공원,2021-05-29,2
149,제주다원녹차미로공원,2021-05-30,1
150,제주다원녹차미로공원,2021-05-31,2
151,제주다원녹차미로공원,2021-06-01,1
152,제주다원녹차미로공원,2021-06-02,2
153,제주다원녹차미로공원,2021-06-03,0
154,제주다원녹차미로공원,2021-06-04,2
155,제주다원녹차미로공원,2021-06-05,1
156,제주다원녹차미로공원,2021-06-06,4
157,제주다원녹차미로공원,2021-06-07,1
158,제주다원녹차미로공원,2021-06-08,0
159,제주다원녹차미로공원,2021-06-09,0
160,제주다원녹차미로공원,2021-06-10,1
161,제주다원녹차미로공원,2021-06-11,2
162,제주다원녹차미로공원,2021-06-12,0
163,제주다원녹차미로공원,2021-06-13,1
164,제주다원녹차미로공원,2021-06-14,0
165,제주다원녹차미로공원,2021-06-15,1
166,제주다원녹차미로공원,2021-06-16,1
167,제주다원녹차미로공원,2021-06-17,1
168,제주다원녹차미로공원,2021-06-18,1
169,제주다원녹차미로공원,2021-06-19,0
170,제주다원녹차미로공원,2021-06-20,2
171,제주다원녹차미로공원,2021-06-21,0
172,제주다원녹차미로공원,2021-06-22,3
173,제주다원녹차미로공원,2021-06-23,3
174,제주다원녹차미로공원,2021-06-24,2
175,제주다원녹차미로공원,2021-06-25,3
176,제주다원녹차미로공원,2021-06-26,1
177,제주다원녹차미로공원,2021-06-27,1
178,제주다원녹차미로공원,2021-06-28,3
179,제주다원녹차미로공원,2021-06-29,3
180,제주다원녹차미로공원,2021-06-30,2
181,제주다원녹차미로공원,2021-07-01,1
182,제주다원녹차미로공원,2021-07-02,1
183,제주다원녹차미로공원,2021-07-03,0
184,제주다원녹차미로공원,2021-07-04,1
185,제주다원녹차미로공원,2021-07-05,3
186,제주다원녹차미로공원,2021-07-06,1
187,제주다원녹차미로공원,2021-07-07,0
188,제주다원녹차미로공원,2021-07-08,1
189,제주다원녹차미로공원,2021-07-09,2
190,제주다원녹차미로공원,2021-07-10,2
191,제주다원녹차미로공원,2021-07-11,3
192,제주다원녹차미로공원,2021-07-12,1
193,제주다원녹차미로공원,2021-07-13,2
194,제주다원녹차미로공원,2021-07-14,0
195,제주다원녹차미로공원,2021-07-15,3
196,제주다원녹차미로공원,2021-07-16,0
197,제주다원녹차미로공원,2021-07-17,0
198,제주다원녹차미로공원,2021-07-18,1
199,제주다원녹차미로공원,2021-07-19,2
200,제주다원녹차미로공원,2021-07-20,1
201,제주다원녹차미로공원,2021-07-21,0
202,제주다원녹차미로공원,2021-07-22,0
203,제주다원녹차미로공원,2021-07-23,1
204,제주다원녹차미로공원,2021-07-24,3
205,제주다원녹차미로공원,2021-07-25,0
206,제주다원녹차미로공원,2021-07-26,1
207,제주다원녹차미로공원,2021-07-27,0
208,제주다원녹차미로공원,2021-07-28,1
209,제주다원녹차미로공원,2021-07-29,3
210,제주다원녹차미로공원,2021-07-30,1
211,제주다원녹차미로공원,2021-07-31,0
212,제주다원녹차미로공원,2021-08-01,1
213,제주다원녹차미로공원,2021-08-02,2
214,제주다원녹차미로공원,2021-08-03,1
215,제주다원녹차미로공원,2021-08-04,2
216,제주다원녹차미로공원,2021-08-05,0
217,제주다원녹차미로공원,2021-08-06,1
218,제주다원녹차미로공원,2021-08-07,3
219,제주다원녹차미로공원,2021-08-08,1
220,제주다원녹차미로공원,2021-08-09,0
221,제주다원녹차미로공원,2021-08-10,0
222,제주다원녹차미로공원,2021-08-11,2
223,제주다원녹차미로공원,2021-08-12,2
224,제주다원녹차미로공원,2021-08-13,2
225,제주다원녹차미로공원,2021-08-14,0
226,제주다원녹차미로공원,2021-08-15,2
227,제주다원녹차미로공원,2021-08-16,0
228,제주다원녹차미로공원,2021-08-17,4
229,제주다원녹차미로공원,2021-08-18,1
230,제주다원녹차미로공원,2021-08-19,2
231,제주다원녹차미로공원,2021-08-20,2
232,제주다원녹차미로공원,2021-08-21,2
233,제주다원녹차미로공원,2021-08-22,1
234,제주다원녹차미로공원,2021-08-23,1
235,제주다원녹차미로공원,2021-08-24,3
236,제주다원녹차미로공원,2021-08-25,1
237,제주다원녹차미로공원,2021-08-26,1
238,제주다원녹차미로공원,2021-08-27,2
239,제주다원녹차미로공원,2021-08-28,0
240,제주다원녹차미로공원,2021-08-29,0
241,제주다원녹차미로공원,2021-08-30,1
242,제주다원녹차미로공원,2021-08-31,0
243,제주다원녹차미로공원,2021-09-01,0
244,제주다원녹차미로공원,2021-09-02,1
245,제주다원녹차미로공원,2021-09-03,1
246,제주다원녹차미로공원,2021-09-04,0
247,제주다원녹차미로공원,2021-09-05,1
248,제주다원녹차미로공원,2021-09-06,0
249,제주다원녹차미로공원,2021-09-07,2
250,제주다원녹차미로공원,2021-09-08,1
251,제주다원녹차미로공원,2021-09-09,0
252,제주다원녹차미로공원,2021-09-10,2
253,제주다원녹차미로공원,2021-09-11,0
254,제주다원녹차미로공원,2021-09-12,4
255,제주다원녹차미로공원,2021-09-13,1
256,제주다원녹차미로공원,2021-09-14,3
257,제주다원녹차미로공원,2021-09-15,3
258,제주다원녹차미로공원,2021-09-16,0
259,제주다원녹차미로공원,2021-09-17,2
260,제주다원녹차미로공원,2021-09-18,0
261,제주다원녹차미로공원,2021-09-19,3
262,제주다원녹차미로공원,2021-09-20,1
263,제주다원녹차미로공원,2021-09-21,0
264,제주다원녹차미로공원,2021-09-22,0
265,제주다원녹차미로공원,2021-09-23,0
266,제주다원녹차미로공원,2021-09-24,1
267,제주다원녹차미로공원,2021-09-25,1
268,제주다원녹차미로공원,2021-09-26,1
269,제주다원녹차미로공원,2021-09-27,0
270,제주다원녹차미로공원,2021-09-28,1
271,제주다원녹차미로공원,2021-09-29,1
272,제주다원녹차미로공원,2021-09-30,1
273,제주다원녹차미로공원,2021-10-01,2
274,제주다원녹차미로공원,2021-10-02,1
275,제주다원녹차미로공원,2021-10-03,1
276,제주다원녹차미로공원,2021-10-04,1
277,제주다원녹차미로공원,2021-10-05,0
278,제주다원녹차미로공원,2021-10-06,0
279,제주다원녹차미로공원,2021-10-07,0
280,제주다원녹차미로공원,2021-10-08,2
281,제주다원녹차미로공원,2021-10-09,0
282,제주다원녹차미로공원,2021-10-10,0
283,제주다원녹차미로공원,2021-10-11,1
284,제주다원녹차미로공원,2021-10-12,1
285,제주다원녹차미로공원,2021-10-13,0
286,제주다원녹차미로공원,2021-10-14,1
287,제주다원녹차미로공원,2021-10-15,1
288,제주다원녹차미로공원,2021-10-16,2
289,제주다원녹차미로공원,2021-10-17,0
290,제주다원녹차미로공원,2021-10-18,1
291,제주다원녹차미로공원,2021-10-19,3
292,제주다원녹차미로공원,2021-10-20,1
293,제주다원녹차미로공원,2021-10-21,3
294,제주다원녹차미로공원,2021-10-22,0
295,제주다원녹차미로공원,2021-10-23,0
296,제주다원녹차미로공원,2021-10-24,2
297,제주다원녹차미로공원,2021-10-25,1
298,제주다원녹차미로공원,2021-10-26,1
299,제주다원녹차미로공원,2021-10-27,1
300,제주다원녹차미로공원,2021-10-28,1
301,제주다원녹차미로공원,2021-10-29,0
302,제주다원녹차미로공원,2021-10-30,2
303,제주다원녹차미로공원,2021-10-31,1
304,제주다원녹차미로공원,2021-11-01,1
305,제주다원녹차미로공원,2021-11-02,0
306,제주다원녹차미로공원,2021-11-03,0
307,제주다원녹차미로공원,2021-11-04,1
308,제주다원녹차미로공원,2021-11-05,1
309,제주다원녹차미로공원,2021-11-06,0
310,제주다원녹차미로공원,2021-11-07,1
311,제주다원녹차미로공원,2021-11-08,1
312,제주다원녹차미로공원,2021-11-09,2
313,제주다원녹차미로공원,2021-11-10,0
314,제주다원녹차미로공원,2021-11-11,1
315,제주다원녹차미로공원,2021-11-12,1
316,제주다원녹차미로공원,2021-11-13,1
317,제주다원녹차미로공원,2021-11-14,0
318,제주다원녹차미로공원,2021-11-15,1
319,제주다원녹차미로공원,2021-11-16,0
320,제주다원녹차미로공원,2021-11-17,2
321,제주다원녹차미로공원,2021-11-18,1
322,제주다원녹차미로공원,2021-11-19,0
323,제주다원녹차미로공원,2021-11-20,1
324,제주다원녹차미로공원,2021-11-21,0
325,제주다원녹차미로공원,2021-11-22,3
326,제주다원녹차미로공원,2021-11-23,3
327,제주다원녹차미로공원,2021-11-24,0
328,제주다원녹차미로공원,2021-11-25,1
329,제주다원녹차미로공원,2021-11-26,1
330,제주다원녹차미로공원,2021-11-27,1
331,제주다원녹차미로공원,2021-11-28,2
332,제주다원녹차미로공원,2021-11-29,0
333,제주다원녹차미로공원,2021-11-30,2
334,제주다원녹차미로공원,2021-12-01,4
335,제주다원녹차미로공원,2021-12-02,2
336,제주다원녹차미로공원,2021-12-03,0
337,제주다원녹차미로공원,2021-12-04,0
338,제주다원녹차미로공원,2021-12-05,2
339,제주다원녹차미로공원,2021-12-06,2
340,제주다원녹차미로공원,2021-12-07,1
341,제주다원녹차미로공원,2021-12-08,0
342,제주다원녹차미로공원,2021-12-09,4
343,제주다원녹차미로공원,2021-12-10,1
344,제주다원녹차미로공원,2021-12-11,0
345,제주다원녹차미로공원,2021-12-12,2
346,제주다원녹차미로공원,2021-12-13,1
347,제주다원녹차미로공원,2021-12-14,1
348,제주다원녹차미로공원,2021-12-15,1
349,제주다원녹차미로공원,2021-12-16,1
350,제주다원녹차미로공원,2021-12-17,1
351,제주다원녹차미로공원,2021-12-18,1
352,제주다원녹차미로공원,2021-12-19,0
353,제주다원녹차미로공원,2021-12-20,1
354,제주다원녹차미로공원,2021-12-21,0
355,제주다원녹차미로공원,2021-12-22,1
356,제주다원녹차미로공원,2021-12-23,1
357,제주다원녹차미로공원,2021-12-24,0
358,제주다원녹차미로공원,2021-12-25,1
359,제주다원녹차미로공원,2021-12-26,1
360,제주다원녹차미로공원,2021-12-27,1
361,제주다원녹차미로공원,2021-12-28,2
362,제주다원녹차미로공원,2021-12-29,0
363,제주다원녹차미로공원,2021-12-30,0
364,제주다원녹차미로공원,2021-12-31,3
