﻿,관광지,날짜,버즈량
0,테디베어뮤지엄제주,2021-01-01,3
1,테디베어뮤지엄제주,2021-01-02,2
2,테디베어뮤지엄제주,2021-01-03,3
3,테디베어뮤지엄제주,2021-01-04,3
4,테디베어뮤지엄제주,2021-01-05,6
5,테디베어뮤지엄제주,2021-01-06,1
6,테디베어뮤지엄제주,2021-01-07,6
7,테디베어뮤지엄제주,2021-01-08,2
8,테디베어뮤지엄제주,2021-01-09,2
9,테디베어뮤지엄제주,2021-01-10,5
10,테디베어뮤지엄제주,2021-01-11,2
11,테디베어뮤지엄제주,2021-01-12,3
12,테디베어뮤지엄제주,2021-01-13,3
13,테디베어뮤지엄제주,2021-01-14,1
14,테디베어뮤지엄제주,2021-01-15,3
15,테디베어뮤지엄제주,2021-01-16,2
16,테디베어뮤지엄제주,2021-01-17,5
17,테디베어뮤지엄제주,2021-01-18,5
18,테디베어뮤지엄제주,2021-01-19,4
19,테디베어뮤지엄제주,2021-01-20,3
20,테디베어뮤지엄제주,2021-01-21,5
21,테디베어뮤지엄제주,2021-01-22,4
22,테디베어뮤지엄제주,2021-01-23,0
23,테디베어뮤지엄제주,2021-01-24,3
24,테디베어뮤지엄제주,2021-01-25,3
25,테디베어뮤지엄제주,2021-01-26,1
26,테디베어뮤지엄제주,2021-01-27,4
27,테디베어뮤지엄제주,2021-01-28,5
28,테디베어뮤지엄제주,2021-01-29,7
29,테디베어뮤지엄제주,2021-01-30,2
30,테디베어뮤지엄제주,2021-01-31,1
31,테디베어뮤지엄제주,2021-02-01,2
32,테디베어뮤지엄제주,2021-02-02,1
33,테디베어뮤지엄제주,2021-02-03,2
34,테디베어뮤지엄제주,2021-02-04,3
35,테디베어뮤지엄제주,2021-02-05,4
36,테디베어뮤지엄제주,2021-02-06,1
37,테디베어뮤지엄제주,2021-02-07,3
38,테디베어뮤지엄제주,2021-02-08,3
39,테디베어뮤지엄제주,2021-02-09,2
40,테디베어뮤지엄제주,2021-02-10,6
41,테디베어뮤지엄제주,2021-02-11,3
42,테디베어뮤지엄제주,2021-02-12,4
43,테디베어뮤지엄제주,2021-02-13,2
44,테디베어뮤지엄제주,2021-02-14,3
45,테디베어뮤지엄제주,2021-02-15,2
46,테디베어뮤지엄제주,2021-02-16,4
47,테디베어뮤지엄제주,2021-02-17,7
48,테디베어뮤지엄제주,2021-02-18,2
49,테디베어뮤지엄제주,2021-02-19,1
50,테디베어뮤지엄제주,2021-02-20,3
51,테디베어뮤지엄제주,2021-02-21,2
52,테디베어뮤지엄제주,2021-02-22,1
53,테디베어뮤지엄제주,2021-02-23,6
54,테디베어뮤지엄제주,2021-02-24,4
55,테디베어뮤지엄제주,2021-02-25,8
56,테디베어뮤지엄제주,2021-02-26,4
57,테디베어뮤지엄제주,2021-02-27,2
58,테디베어뮤지엄제주,2021-02-28,3
59,테디베어뮤지엄제주,2021-03-01,1
60,테디베어뮤지엄제주,2021-03-02,2
61,테디베어뮤지엄제주,2021-03-03,4
62,테디베어뮤지엄제주,2021-03-04,4
63,테디베어뮤지엄제주,2021-03-05,7
64,테디베어뮤지엄제주,2021-03-06,2
65,테디베어뮤지엄제주,2021-03-07,1
66,테디베어뮤지엄제주,2021-03-08,6
67,테디베어뮤지엄제주,2021-03-09,5
68,테디베어뮤지엄제주,2021-03-10,1
69,테디베어뮤지엄제주,2021-03-11,4
70,테디베어뮤지엄제주,2021-03-12,5
71,테디베어뮤지엄제주,2021-03-13,5
72,테디베어뮤지엄제주,2021-03-14,2
73,테디베어뮤지엄제주,2021-03-15,2
74,테디베어뮤지엄제주,2021-03-16,4
75,테디베어뮤지엄제주,2021-03-17,3
76,테디베어뮤지엄제주,2021-03-18,3
77,테디베어뮤지엄제주,2021-03-19,4
78,테디베어뮤지엄제주,2021-03-20,0
79,테디베어뮤지엄제주,2021-03-21,3
80,테디베어뮤지엄제주,2021-03-22,4
81,테디베어뮤지엄제주,2021-03-23,3
82,테디베어뮤지엄제주,2021-03-24,7
83,테디베어뮤지엄제주,2021-03-25,5
84,테디베어뮤지엄제주,2021-03-26,9
85,테디베어뮤지엄제주,2021-03-27,8
86,테디베어뮤지엄제주,2021-03-28,4
87,테디베어뮤지엄제주,2021-03-29,4
88,테디베어뮤지엄제주,2021-03-30,2
89,테디베어뮤지엄제주,2021-03-31,5
90,테디베어뮤지엄제주,2021-04-01,9
91,테디베어뮤지엄제주,2021-04-02,4
92,테디베어뮤지엄제주,2021-04-03,4
93,테디베어뮤지엄제주,2021-04-04,4
94,테디베어뮤지엄제주,2021-04-05,3
95,테디베어뮤지엄제주,2021-04-06,7
96,테디베어뮤지엄제주,2021-04-07,4
97,테디베어뮤지엄제주,2021-04-08,8
98,테디베어뮤지엄제주,2021-04-09,4
99,테디베어뮤지엄제주,2021-04-10,5
100,테디베어뮤지엄제주,2021-04-11,4
101,테디베어뮤지엄제주,2021-04-12,7
102,테디베어뮤지엄제주,2021-04-13,6
103,테디베어뮤지엄제주,2021-04-14,4
104,테디베어뮤지엄제주,2021-04-15,1
105,테디베어뮤지엄제주,2021-04-16,3
106,테디베어뮤지엄제주,2021-04-17,9
107,테디베어뮤지엄제주,2021-04-18,7
108,테디베어뮤지엄제주,2021-04-19,6
109,테디베어뮤지엄제주,2021-04-20,5
110,테디베어뮤지엄제주,2021-04-21,5
111,테디베어뮤지엄제주,2021-04-22,7
112,테디베어뮤지엄제주,2021-04-23,3
113,테디베어뮤지엄제주,2021-04-24,2
114,테디베어뮤지엄제주,2021-04-25,7
115,테디베어뮤지엄제주,2021-04-26,9
116,테디베어뮤지엄제주,2021-04-27,5
117,테디베어뮤지엄제주,2021-04-28,6
118,테디베어뮤지엄제주,2021-04-29,5
119,테디베어뮤지엄제주,2021-04-30,12
120,테디베어뮤지엄제주,2021-05-01,1
121,테디베어뮤지엄제주,2021-05-02,11
122,테디베어뮤지엄제주,2021-05-03,7
123,테디베어뮤지엄제주,2021-05-04,8
124,테디베어뮤지엄제주,2021-05-05,6
125,테디베어뮤지엄제주,2021-05-06,4
126,테디베어뮤지엄제주,2021-05-07,5
127,테디베어뮤지엄제주,2021-05-08,6
128,테디베어뮤지엄제주,2021-05-09,7
129,테디베어뮤지엄제주,2021-05-10,3
130,테디베어뮤지엄제주,2021-05-11,8
131,테디베어뮤지엄제주,2021-05-12,5
132,테디베어뮤지엄제주,2021-05-13,8
133,테디베어뮤지엄제주,2021-05-14,7
134,테디베어뮤지엄제주,2021-05-15,3
135,테디베어뮤지엄제주,2021-05-16,2
136,테디베어뮤지엄제주,2021-05-17,5
137,테디베어뮤지엄제주,2021-05-18,5
138,테디베어뮤지엄제주,2021-05-19,6
139,테디베어뮤지엄제주,2021-05-20,9
140,테디베어뮤지엄제주,2021-05-21,5
141,테디베어뮤지엄제주,2021-05-22,9
142,테디베어뮤지엄제주,2021-05-23,9
143,테디베어뮤지엄제주,2021-05-24,8
144,테디베어뮤지엄제주,2021-05-25,3
145,테디베어뮤지엄제주,2021-05-26,6
146,테디베어뮤지엄제주,2021-05-27,5
147,테디베어뮤지엄제주,2021-05-28,6
148,테디베어뮤지엄제주,2021-05-29,8
149,테디베어뮤지엄제주,2021-05-30,7
150,테디베어뮤지엄제주,2021-05-31,8
151,테디베어뮤지엄제주,2021-06-01,7
152,테디베어뮤지엄제주,2021-06-02,5
153,테디베어뮤지엄제주,2021-06-03,8
154,테디베어뮤지엄제주,2021-06-04,4
155,테디베어뮤지엄제주,2021-06-05,5
156,테디베어뮤지엄제주,2021-06-06,8
157,테디베어뮤지엄제주,2021-06-07,8
158,테디베어뮤지엄제주,2021-06-08,10
159,테디베어뮤지엄제주,2021-06-09,7
160,테디베어뮤지엄제주,2021-06-10,5
161,테디베어뮤지엄제주,2021-06-11,5
162,테디베어뮤지엄제주,2021-06-12,5
163,테디베어뮤지엄제주,2021-06-13,6
164,테디베어뮤지엄제주,2021-06-14,8
165,테디베어뮤지엄제주,2021-06-15,4
166,테디베어뮤지엄제주,2021-06-16,11
167,테디베어뮤지엄제주,2021-06-17,6
168,테디베어뮤지엄제주,2021-06-18,7
169,테디베어뮤지엄제주,2021-06-19,5
170,테디베어뮤지엄제주,2021-06-20,4
171,테디베어뮤지엄제주,2021-06-21,7
172,테디베어뮤지엄제주,2021-06-22,5
173,테디베어뮤지엄제주,2021-06-23,7
174,테디베어뮤지엄제주,2021-06-24,7
175,테디베어뮤지엄제주,2021-06-25,6
176,테디베어뮤지엄제주,2021-06-26,12
177,테디베어뮤지엄제주,2021-06-27,5
178,테디베어뮤지엄제주,2021-06-28,9
179,테디베어뮤지엄제주,2021-06-29,8
180,테디베어뮤지엄제주,2021-06-30,9
181,테디베어뮤지엄제주,2021-07-01,22
182,테디베어뮤지엄제주,2021-07-02,22
183,테디베어뮤지엄제주,2021-07-03,12
184,테디베어뮤지엄제주,2021-07-04,9
185,테디베어뮤지엄제주,2021-07-05,17
186,테디베어뮤지엄제주,2021-07-06,9
187,테디베어뮤지엄제주,2021-07-07,13
188,테디베어뮤지엄제주,2021-07-08,7
189,테디베어뮤지엄제주,2021-07-09,9
190,테디베어뮤지엄제주,2021-07-10,10
191,테디베어뮤지엄제주,2021-07-11,10
192,테디베어뮤지엄제주,2021-07-12,6
193,테디베어뮤지엄제주,2021-07-13,10
194,테디베어뮤지엄제주,2021-07-14,12
195,테디베어뮤지엄제주,2021-07-15,10
196,테디베어뮤지엄제주,2021-07-16,6
197,테디베어뮤지엄제주,2021-07-17,12
198,테디베어뮤지엄제주,2021-07-18,7
199,테디베어뮤지엄제주,2021-07-19,12
200,테디베어뮤지엄제주,2021-07-20,10
201,테디베어뮤지엄제주,2021-07-21,5
202,테디베어뮤지엄제주,2021-07-22,15
203,테디베어뮤지엄제주,2021-07-23,11
204,테디베어뮤지엄제주,2021-07-24,6
205,테디베어뮤지엄제주,2021-07-25,8
206,테디베어뮤지엄제주,2021-07-26,9
207,테디베어뮤지엄제주,2021-07-27,7
208,테디베어뮤지엄제주,2021-07-28,10
209,테디베어뮤지엄제주,2021-07-29,8
210,테디베어뮤지엄제주,2021-07-30,10
211,테디베어뮤지엄제주,2021-07-31,5
212,테디베어뮤지엄제주,2021-08-01,6
213,테디베어뮤지엄제주,2021-08-02,8
214,테디베어뮤지엄제주,2021-08-03,10
215,테디베어뮤지엄제주,2021-08-04,9
216,테디베어뮤지엄제주,2021-08-05,6
217,테디베어뮤지엄제주,2021-08-06,8
218,테디베어뮤지엄제주,2021-08-07,13
219,테디베어뮤지엄제주,2021-08-08,5
220,테디베어뮤지엄제주,2021-08-09,13
221,테디베어뮤지엄제주,2021-08-10,10
222,테디베어뮤지엄제주,2021-08-11,7
223,테디베어뮤지엄제주,2021-08-12,5
224,테디베어뮤지엄제주,2021-08-13,14
225,테디베어뮤지엄제주,2021-08-14,9
226,테디베어뮤지엄제주,2021-08-15,8
227,테디베어뮤지엄제주,2021-08-16,5
228,테디베어뮤지엄제주,2021-08-17,8
229,테디베어뮤지엄제주,2021-08-18,5
230,테디베어뮤지엄제주,2021-08-19,8
231,테디베어뮤지엄제주,2021-08-20,6
232,테디베어뮤지엄제주,2021-08-21,6
233,테디베어뮤지엄제주,2021-08-22,4
234,테디베어뮤지엄제주,2021-08-23,7
235,테디베어뮤지엄제주,2021-08-24,4
236,테디베어뮤지엄제주,2021-08-25,14
237,테디베어뮤지엄제주,2021-08-26,6
238,테디베어뮤지엄제주,2021-08-27,8
239,테디베어뮤지엄제주,2021-08-28,11
240,테디베어뮤지엄제주,2021-08-29,4
241,테디베어뮤지엄제주,2021-08-30,2
242,테디베어뮤지엄제주,2021-08-31,5
243,테디베어뮤지엄제주,2021-09-01,1
244,테디베어뮤지엄제주,2021-09-02,3
245,테디베어뮤지엄제주,2021-09-03,2
246,테디베어뮤지엄제주,2021-09-04,1
247,테디베어뮤지엄제주,2021-09-05,4
248,테디베어뮤지엄제주,2021-09-06,5
249,테디베어뮤지엄제주,2021-09-07,3
250,테디베어뮤지엄제주,2021-09-08,4
251,테디베어뮤지엄제주,2021-09-09,5
252,테디베어뮤지엄제주,2021-09-10,1
253,테디베어뮤지엄제주,2021-09-11,4
254,테디베어뮤지엄제주,2021-09-12,0
255,테디베어뮤지엄제주,2021-09-13,1
256,테디베어뮤지엄제주,2021-09-14,3
257,테디베어뮤지엄제주,2021-09-15,1
258,테디베어뮤지엄제주,2021-09-16,2
259,테디베어뮤지엄제주,2021-09-17,2
260,테디베어뮤지엄제주,2021-09-18,2
261,테디베어뮤지엄제주,2021-09-19,2
262,테디베어뮤지엄제주,2021-09-20,0
263,테디베어뮤지엄제주,2021-09-21,0
264,테디베어뮤지엄제주,2021-09-22,2
265,테디베어뮤지엄제주,2021-09-23,1
266,테디베어뮤지엄제주,2021-09-24,1
267,테디베어뮤지엄제주,2021-09-25,0
268,테디베어뮤지엄제주,2021-09-26,0
269,테디베어뮤지엄제주,2021-09-27,1
270,테디베어뮤지엄제주,2021-09-28,0
271,테디베어뮤지엄제주,2021-09-29,1
272,테디베어뮤지엄제주,2021-09-30,4
273,테디베어뮤지엄제주,2021-10-01,2
274,테디베어뮤지엄제주,2021-10-02,2
275,테디베어뮤지엄제주,2021-10-03,0
276,테디베어뮤지엄제주,2021-10-04,3
277,테디베어뮤지엄제주,2021-10-05,2
278,테디베어뮤지엄제주,2021-10-06,4
279,테디베어뮤지엄제주,2021-10-07,4
280,테디베어뮤지엄제주,2021-10-08,2
281,테디베어뮤지엄제주,2021-10-09,0
282,테디베어뮤지엄제주,2021-10-10,1
283,테디베어뮤지엄제주,2021-10-11,3
284,테디베어뮤지엄제주,2021-10-12,0
285,테디베어뮤지엄제주,2021-10-13,2
286,테디베어뮤지엄제주,2021-10-14,3
287,테디베어뮤지엄제주,2021-10-15,3
288,테디베어뮤지엄제주,2021-10-16,1
289,테디베어뮤지엄제주,2021-10-17,0
290,테디베어뮤지엄제주,2021-10-18,4
291,테디베어뮤지엄제주,2021-10-19,3
292,테디베어뮤지엄제주,2021-10-20,7
293,테디베어뮤지엄제주,2021-10-21,2
294,테디베어뮤지엄제주,2021-10-22,4
295,테디베어뮤지엄제주,2021-10-23,5
296,테디베어뮤지엄제주,2021-10-24,1
297,테디베어뮤지엄제주,2021-10-25,1
298,테디베어뮤지엄제주,2021-10-26,5
299,테디베어뮤지엄제주,2021-10-27,3
300,테디베어뮤지엄제주,2021-10-28,3
301,테디베어뮤지엄제주,2021-10-29,0
302,테디베어뮤지엄제주,2021-10-30,2
303,테디베어뮤지엄제주,2021-10-31,0
304,테디베어뮤지엄제주,2021-11-01,4
305,테디베어뮤지엄제주,2021-11-02,2
306,테디베어뮤지엄제주,2021-11-03,0
307,테디베어뮤지엄제주,2021-11-04,3
308,테디베어뮤지엄제주,2021-11-05,1
309,테디베어뮤지엄제주,2021-11-06,1
310,테디베어뮤지엄제주,2021-11-07,2
311,테디베어뮤지엄제주,2021-11-08,2
312,테디베어뮤지엄제주,2021-11-09,3
313,테디베어뮤지엄제주,2021-11-10,5
314,테디베어뮤지엄제주,2021-11-11,4
315,테디베어뮤지엄제주,2021-11-12,2
316,테디베어뮤지엄제주,2021-11-13,2
317,테디베어뮤지엄제주,2021-11-14,1
318,테디베어뮤지엄제주,2021-11-15,5
319,테디베어뮤지엄제주,2021-11-16,4
320,테디베어뮤지엄제주,2021-11-17,1
321,테디베어뮤지엄제주,2021-11-18,1
322,테디베어뮤지엄제주,2021-11-19,3
323,테디베어뮤지엄제주,2021-11-20,2
324,테디베어뮤지엄제주,2021-11-21,3
325,테디베어뮤지엄제주,2021-11-22,4
326,테디베어뮤지엄제주,2021-11-23,2
327,테디베어뮤지엄제주,2021-11-24,4
328,테디베어뮤지엄제주,2021-11-25,6
329,테디베어뮤지엄제주,2021-11-26,3
330,테디베어뮤지엄제주,2021-11-27,3
331,테디베어뮤지엄제주,2021-11-28,1
332,테디베어뮤지엄제주,2021-11-29,2
333,테디베어뮤지엄제주,2021-11-30,3
334,테디베어뮤지엄제주,2021-12-01,1
335,테디베어뮤지엄제주,2021-12-02,3
336,테디베어뮤지엄제주,2021-12-03,5
337,테디베어뮤지엄제주,2021-12-04,6
338,테디베어뮤지엄제주,2021-12-05,3
339,테디베어뮤지엄제주,2021-12-06,2
340,테디베어뮤지엄제주,2021-12-07,8
341,테디베어뮤지엄제주,2021-12-08,4
342,테디베어뮤지엄제주,2021-12-09,3
343,테디베어뮤지엄제주,2021-12-10,3
344,테디베어뮤지엄제주,2021-12-11,2
345,테디베어뮤지엄제주,2021-12-12,5
346,테디베어뮤지엄제주,2021-12-13,4
347,테디베어뮤지엄제주,2021-12-14,4
348,테디베어뮤지엄제주,2021-12-15,3
349,테디베어뮤지엄제주,2021-12-16,6
350,테디베어뮤지엄제주,2021-12-17,1
351,테디베어뮤지엄제주,2021-12-18,2
352,테디베어뮤지엄제주,2021-12-19,2
353,테디베어뮤지엄제주,2021-12-20,5
354,테디베어뮤지엄제주,2021-12-21,6
355,테디베어뮤지엄제주,2021-12-22,3
356,테디베어뮤지엄제주,2021-12-23,3
357,테디베어뮤지엄제주,2021-12-24,3
358,테디베어뮤지엄제주,2021-12-25,1
359,테디베어뮤지엄제주,2021-12-26,1
360,테디베어뮤지엄제주,2021-12-27,3
361,테디베어뮤지엄제주,2021-12-28,0
362,테디베어뮤지엄제주,2021-12-29,5
363,테디베어뮤지엄제주,2021-12-30,5
364,테디베어뮤지엄제주,2021-12-31,2
