﻿,관광지,날짜,버즈량
0,헬로키티아일랜드,2021-01-01,5
1,헬로키티아일랜드,2021-01-02,1
2,헬로키티아일랜드,2021-01-03,2
3,헬로키티아일랜드,2021-01-04,0
4,헬로키티아일랜드,2021-01-05,18
5,헬로키티아일랜드,2021-01-06,1
6,헬로키티아일랜드,2021-01-07,3
7,헬로키티아일랜드,2021-01-08,3
8,헬로키티아일랜드,2021-01-09,2
9,헬로키티아일랜드,2021-01-10,1
10,헬로키티아일랜드,2021-01-11,1
11,헬로키티아일랜드,2021-01-12,4
12,헬로키티아일랜드,2021-01-13,1
13,헬로키티아일랜드,2021-01-14,2
14,헬로키티아일랜드,2021-01-15,3
15,헬로키티아일랜드,2021-01-16,0
16,헬로키티아일랜드,2021-01-17,4
17,헬로키티아일랜드,2021-01-18,3
18,헬로키티아일랜드,2021-01-19,2
19,헬로키티아일랜드,2021-01-20,0
20,헬로키티아일랜드,2021-01-21,2
21,헬로키티아일랜드,2021-01-22,3
22,헬로키티아일랜드,2021-01-23,0
23,헬로키티아일랜드,2021-01-24,2
24,헬로키티아일랜드,2021-01-25,0
25,헬로키티아일랜드,2021-01-26,1
26,헬로키티아일랜드,2021-01-27,3
27,헬로키티아일랜드,2021-01-28,2
28,헬로키티아일랜드,2021-01-29,4
29,헬로키티아일랜드,2021-01-30,5
30,헬로키티아일랜드,2021-01-31,2
31,헬로키티아일랜드,2021-02-01,3
32,헬로키티아일랜드,2021-02-02,2
33,헬로키티아일랜드,2021-02-03,2
34,헬로키티아일랜드,2021-02-04,0
35,헬로키티아일랜드,2021-02-05,1
36,헬로키티아일랜드,2021-02-06,3
37,헬로키티아일랜드,2021-02-07,5
38,헬로키티아일랜드,2021-02-08,0
39,헬로키티아일랜드,2021-02-09,0
40,헬로키티아일랜드,2021-02-10,2
41,헬로키티아일랜드,2021-02-11,0
42,헬로키티아일랜드,2021-02-12,1
43,헬로키티아일랜드,2021-02-13,0
44,헬로키티아일랜드,2021-02-14,1
45,헬로키티아일랜드,2021-02-15,1
46,헬로키티아일랜드,2021-02-16,2
47,헬로키티아일랜드,2021-02-17,4
48,헬로키티아일랜드,2021-02-18,9
49,헬로키티아일랜드,2021-02-19,3
50,헬로키티아일랜드,2021-02-20,1
51,헬로키티아일랜드,2021-02-21,6
52,헬로키티아일랜드,2021-02-22,3
53,헬로키티아일랜드,2021-02-23,3
54,헬로키티아일랜드,2021-02-24,4
55,헬로키티아일랜드,2021-02-25,2
56,헬로키티아일랜드,2021-02-26,0
57,헬로키티아일랜드,2021-02-27,4
58,헬로키티아일랜드,2021-02-28,3
59,헬로키티아일랜드,2021-03-01,2
60,헬로키티아일랜드,2021-03-02,1
61,헬로키티아일랜드,2021-03-03,3
62,헬로키티아일랜드,2021-03-04,2
63,헬로키티아일랜드,2021-03-05,2
64,헬로키티아일랜드,2021-03-06,5
65,헬로키티아일랜드,2021-03-07,3
66,헬로키티아일랜드,2021-03-08,2
67,헬로키티아일랜드,2021-03-09,3
68,헬로키티아일랜드,2021-03-10,5
69,헬로키티아일랜드,2021-03-11,2
70,헬로키티아일랜드,2021-03-12,5
71,헬로키티아일랜드,2021-03-13,3
72,헬로키티아일랜드,2021-03-14,5
73,헬로키티아일랜드,2021-03-15,3
74,헬로키티아일랜드,2021-03-16,1
75,헬로키티아일랜드,2021-03-17,1
76,헬로키티아일랜드,2021-03-18,1
77,헬로키티아일랜드,2021-03-19,1
78,헬로키티아일랜드,2021-03-20,7
79,헬로키티아일랜드,2021-03-21,2
80,헬로키티아일랜드,2021-03-22,0
81,헬로키티아일랜드,2021-03-23,1
82,헬로키티아일랜드,2021-03-24,0
83,헬로키티아일랜드,2021-03-25,4
84,헬로키티아일랜드,2021-03-26,0
85,헬로키티아일랜드,2021-03-27,2
86,헬로키티아일랜드,2021-03-28,3
87,헬로키티아일랜드,2021-03-29,4
88,헬로키티아일랜드,2021-03-30,3
89,헬로키티아일랜드,2021-03-31,3
90,헬로키티아일랜드,2021-04-01,3
91,헬로키티아일랜드,2021-04-02,1
92,헬로키티아일랜드,2021-04-03,3
93,헬로키티아일랜드,2021-04-04,0
94,헬로키티아일랜드,2021-04-05,3
95,헬로키티아일랜드,2021-04-06,1
96,헬로키티아일랜드,2021-04-07,0
97,헬로키티아일랜드,2021-04-08,2
98,헬로키티아일랜드,2021-04-09,2
99,헬로키티아일랜드,2021-04-10,2
100,헬로키티아일랜드,2021-04-11,4
101,헬로키티아일랜드,2021-04-12,1
102,헬로키티아일랜드,2021-04-13,2
103,헬로키티아일랜드,2021-04-14,1
104,헬로키티아일랜드,2021-04-15,1
105,헬로키티아일랜드,2021-04-16,0
106,헬로키티아일랜드,2021-04-17,5
107,헬로키티아일랜드,2021-04-18,4
108,헬로키티아일랜드,2021-04-19,4
109,헬로키티아일랜드,2021-04-20,3
110,헬로키티아일랜드,2021-04-21,3
111,헬로키티아일랜드,2021-04-22,1
112,헬로키티아일랜드,2021-04-23,4
113,헬로키티아일랜드,2021-04-24,3
114,헬로키티아일랜드,2021-04-25,2
115,헬로키티아일랜드,2021-04-26,1
116,헬로키티아일랜드,2021-04-27,2
117,헬로키티아일랜드,2021-04-28,8
118,헬로키티아일랜드,2021-04-29,5
119,헬로키티아일랜드,2021-04-30,4
120,헬로키티아일랜드,2021-05-01,5
121,헬로키티아일랜드,2021-05-02,6
122,헬로키티아일랜드,2021-05-03,2
123,헬로키티아일랜드,2021-05-04,3
124,헬로키티아일랜드,2021-05-05,1
125,헬로키티아일랜드,2021-05-06,3
126,헬로키티아일랜드,2021-05-07,3
127,헬로키티아일랜드,2021-05-08,2
128,헬로키티아일랜드,2021-05-09,2
129,헬로키티아일랜드,2021-05-10,1
130,헬로키티아일랜드,2021-05-11,4
131,헬로키티아일랜드,2021-05-12,9
132,헬로키티아일랜드,2021-05-13,4
133,헬로키티아일랜드,2021-05-14,1
134,헬로키티아일랜드,2021-05-15,3
135,헬로키티아일랜드,2021-05-16,2
136,헬로키티아일랜드,2021-05-17,5
137,헬로키티아일랜드,2021-05-18,3
138,헬로키티아일랜드,2021-05-19,6
139,헬로키티아일랜드,2021-05-20,6
140,헬로키티아일랜드,2021-05-21,1
141,헬로키티아일랜드,2021-05-22,6
142,헬로키티아일랜드,2021-05-23,2
143,헬로키티아일랜드,2021-05-24,8
144,헬로키티아일랜드,2021-05-25,6
145,헬로키티아일랜드,2021-05-26,5
146,헬로키티아일랜드,2021-05-27,1
147,헬로키티아일랜드,2021-05-28,3
148,헬로키티아일랜드,2021-05-29,3
149,헬로키티아일랜드,2021-05-30,2
150,헬로키티아일랜드,2021-05-31,7
151,헬로키티아일랜드,2021-06-01,3
152,헬로키티아일랜드,2021-06-02,3
153,헬로키티아일랜드,2021-06-03,5
154,헬로키티아일랜드,2021-06-04,2
155,헬로키티아일랜드,2021-06-05,0
156,헬로키티아일랜드,2021-06-06,2
157,헬로키티아일랜드,2021-06-07,0
158,헬로키티아일랜드,2021-06-08,0
159,헬로키티아일랜드,2021-06-09,3
160,헬로키티아일랜드,2021-06-10,3
161,헬로키티아일랜드,2021-06-11,1
162,헬로키티아일랜드,2021-06-12,0
163,헬로키티아일랜드,2021-06-13,2
164,헬로키티아일랜드,2021-06-14,3
165,헬로키티아일랜드,2021-06-15,3
166,헬로키티아일랜드,2021-06-16,3
167,헬로키티아일랜드,2021-06-17,5
168,헬로키티아일랜드,2021-06-18,4
169,헬로키티아일랜드,2021-06-19,8
170,헬로키티아일랜드,2021-06-20,6
171,헬로키티아일랜드,2021-06-21,2
172,헬로키티아일랜드,2021-06-22,7
173,헬로키티아일랜드,2021-06-23,6
174,헬로키티아일랜드,2021-06-24,5
175,헬로키티아일랜드,2021-06-25,8
176,헬로키티아일랜드,2021-06-26,2
177,헬로키티아일랜드,2021-06-27,2
178,헬로키티아일랜드,2021-06-28,4
179,헬로키티아일랜드,2021-06-29,5
180,헬로키티아일랜드,2021-06-30,8
181,헬로키티아일랜드,2021-07-01,3
182,헬로키티아일랜드,2021-07-02,2
183,헬로키티아일랜드,2021-07-03,3
184,헬로키티아일랜드,2021-07-04,4
185,헬로키티아일랜드,2021-07-05,3
186,헬로키티아일랜드,2021-07-06,6
187,헬로키티아일랜드,2021-07-07,2
188,헬로키티아일랜드,2021-07-08,3
189,헬로키티아일랜드,2021-07-09,8
190,헬로키티아일랜드,2021-07-10,7
191,헬로키티아일랜드,2021-07-11,4
192,헬로키티아일랜드,2021-07-12,9
193,헬로키티아일랜드,2021-07-13,5
194,헬로키티아일랜드,2021-07-14,4
195,헬로키티아일랜드,2021-07-15,3
196,헬로키티아일랜드,2021-07-16,7
197,헬로키티아일랜드,2021-07-17,4
198,헬로키티아일랜드,2021-07-18,2
199,헬로키티아일랜드,2021-07-19,4
200,헬로키티아일랜드,2021-07-20,6
201,헬로키티아일랜드,2021-07-21,4
202,헬로키티아일랜드,2021-07-22,5
203,헬로키티아일랜드,2021-07-23,6
204,헬로키티아일랜드,2021-07-24,4
205,헬로키티아일랜드,2021-07-25,1
206,헬로키티아일랜드,2021-07-26,3
207,헬로키티아일랜드,2021-07-27,6
208,헬로키티아일랜드,2021-07-28,3
209,헬로키티아일랜드,2021-07-29,6
210,헬로키티아일랜드,2021-07-30,7
211,헬로키티아일랜드,2021-07-31,2
212,헬로키티아일랜드,2021-08-01,2
213,헬로키티아일랜드,2021-08-02,7
214,헬로키티아일랜드,2021-08-03,4
215,헬로키티아일랜드,2021-08-04,2
216,헬로키티아일랜드,2021-08-05,8
217,헬로키티아일랜드,2021-08-06,5
218,헬로키티아일랜드,2021-08-07,2
219,헬로키티아일랜드,2021-08-08,6
220,헬로키티아일랜드,2021-08-09,8
221,헬로키티아일랜드,2021-08-10,2
222,헬로키티아일랜드,2021-08-11,7
223,헬로키티아일랜드,2021-08-12,7
224,헬로키티아일랜드,2021-08-13,8
225,헬로키티아일랜드,2021-08-14,3
226,헬로키티아일랜드,2021-08-15,5
227,헬로키티아일랜드,2021-08-16,6
228,헬로키티아일랜드,2021-08-17,2
229,헬로키티아일랜드,2021-08-18,3
230,헬로키티아일랜드,2021-08-19,4
231,헬로키티아일랜드,2021-08-20,3
232,헬로키티아일랜드,2021-08-21,7
233,헬로키티아일랜드,2021-08-22,3
234,헬로키티아일랜드,2021-08-23,4
235,헬로키티아일랜드,2021-08-24,5
236,헬로키티아일랜드,2021-08-25,3
237,헬로키티아일랜드,2021-08-26,3
238,헬로키티아일랜드,2021-08-27,3
239,헬로키티아일랜드,2021-08-28,2
240,헬로키티아일랜드,2021-08-29,4
241,헬로키티아일랜드,2021-08-30,5
242,헬로키티아일랜드,2021-08-31,6
243,헬로키티아일랜드,2021-09-01,6
244,헬로키티아일랜드,2021-09-02,2
245,헬로키티아일랜드,2021-09-03,4
246,헬로키티아일랜드,2021-09-04,1
247,헬로키티아일랜드,2021-09-05,3
248,헬로키티아일랜드,2021-09-06,4
249,헬로키티아일랜드,2021-09-07,5
250,헬로키티아일랜드,2021-09-08,5
251,헬로키티아일랜드,2021-09-09,3
252,헬로키티아일랜드,2021-09-10,1
253,헬로키티아일랜드,2021-09-11,5
254,헬로키티아일랜드,2021-09-12,2
255,헬로키티아일랜드,2021-09-13,1
256,헬로키티아일랜드,2021-09-14,2
257,헬로키티아일랜드,2021-09-15,6
258,헬로키티아일랜드,2021-09-16,3
259,헬로키티아일랜드,2021-09-17,5
260,헬로키티아일랜드,2021-09-18,1
261,헬로키티아일랜드,2021-09-19,1
262,헬로키티아일랜드,2021-09-20,4
263,헬로키티아일랜드,2021-09-21,5
264,헬로키티아일랜드,2021-09-22,6
265,헬로키티아일랜드,2021-09-23,5
266,헬로키티아일랜드,2021-09-24,5
267,헬로키티아일랜드,2021-09-25,5
268,헬로키티아일랜드,2021-09-26,3
269,헬로키티아일랜드,2021-09-27,2
270,헬로키티아일랜드,2021-09-28,4
271,헬로키티아일랜드,2021-09-29,1
272,헬로키티아일랜드,2021-09-30,3
273,헬로키티아일랜드,2021-10-01,0
274,헬로키티아일랜드,2021-10-02,3
275,헬로키티아일랜드,2021-10-03,3
276,헬로키티아일랜드,2021-10-04,3
277,헬로키티아일랜드,2021-10-05,2
278,헬로키티아일랜드,2021-10-06,1
279,헬로키티아일랜드,2021-10-07,5
280,헬로키티아일랜드,2021-10-08,5
281,헬로키티아일랜드,2021-10-09,3
282,헬로키티아일랜드,2021-10-10,2
283,헬로키티아일랜드,2021-10-11,5
284,헬로키티아일랜드,2021-10-12,4
285,헬로키티아일랜드,2021-10-13,2
286,헬로키티아일랜드,2021-10-14,3
287,헬로키티아일랜드,2021-10-15,3
288,헬로키티아일랜드,2021-10-16,9
289,헬로키티아일랜드,2021-10-17,8
290,헬로키티아일랜드,2021-10-18,4
291,헬로키티아일랜드,2021-10-19,3
292,헬로키티아일랜드,2021-10-20,3
293,헬로키티아일랜드,2021-10-21,6
294,헬로키티아일랜드,2021-10-22,1
295,헬로키티아일랜드,2021-10-23,4
296,헬로키티아일랜드,2021-10-24,3
297,헬로키티아일랜드,2021-10-25,5
298,헬로키티아일랜드,2021-10-26,5
299,헬로키티아일랜드,2021-10-27,2
300,헬로키티아일랜드,2021-10-28,3
301,헬로키티아일랜드,2021-10-29,2
302,헬로키티아일랜드,2021-10-30,0
303,헬로키티아일랜드,2021-10-31,6
304,헬로키티아일랜드,2021-11-01,2
305,헬로키티아일랜드,2021-11-02,4
306,헬로키티아일랜드,2021-11-03,3
307,헬로키티아일랜드,2021-11-04,6
308,헬로키티아일랜드,2021-11-05,2
309,헬로키티아일랜드,2021-11-06,5
310,헬로키티아일랜드,2021-11-07,4
311,헬로키티아일랜드,2021-11-08,3
312,헬로키티아일랜드,2021-11-09,2
313,헬로키티아일랜드,2021-11-10,5
314,헬로키티아일랜드,2021-11-11,6
315,헬로키티아일랜드,2021-11-12,4
316,헬로키티아일랜드,2021-11-13,3
317,헬로키티아일랜드,2021-11-14,5
318,헬로키티아일랜드,2021-11-15,4
319,헬로키티아일랜드,2021-11-16,7
320,헬로키티아일랜드,2021-11-17,3
321,헬로키티아일랜드,2021-11-18,3
322,헬로키티아일랜드,2021-11-19,4
323,헬로키티아일랜드,2021-11-20,4
324,헬로키티아일랜드,2021-11-21,3
325,헬로키티아일랜드,2021-11-22,7
326,헬로키티아일랜드,2021-11-23,8
327,헬로키티아일랜드,2021-11-24,9
328,헬로키티아일랜드,2021-11-25,2
329,헬로키티아일랜드,2021-11-26,3
330,헬로키티아일랜드,2021-11-27,4
331,헬로키티아일랜드,2021-11-28,1
332,헬로키티아일랜드,2021-11-29,3
333,헬로키티아일랜드,2021-11-30,5
334,헬로키티아일랜드,2021-12-01,3
335,헬로키티아일랜드,2021-12-02,4
336,헬로키티아일랜드,2021-12-03,4
337,헬로키티아일랜드,2021-12-04,4
338,헬로키티아일랜드,2021-12-05,4
339,헬로키티아일랜드,2021-12-06,5
340,헬로키티아일랜드,2021-12-07,4
341,헬로키티아일랜드,2021-12-08,6
342,헬로키티아일랜드,2021-12-09,4
343,헬로키티아일랜드,2021-12-10,4
344,헬로키티아일랜드,2021-12-11,5
345,헬로키티아일랜드,2021-12-12,3
346,헬로키티아일랜드,2021-12-13,4
347,헬로키티아일랜드,2021-12-14,2
348,헬로키티아일랜드,2021-12-15,2
349,헬로키티아일랜드,2021-12-16,4
350,헬로키티아일랜드,2021-12-17,5
351,헬로키티아일랜드,2021-12-18,5
352,헬로키티아일랜드,2021-12-19,3
353,헬로키티아일랜드,2021-12-20,6
354,헬로키티아일랜드,2021-12-21,8
355,헬로키티아일랜드,2021-12-22,3
356,헬로키티아일랜드,2021-12-23,3
357,헬로키티아일랜드,2021-12-24,4
358,헬로키티아일랜드,2021-12-25,3
359,헬로키티아일랜드,2021-12-26,6
360,헬로키티아일랜드,2021-12-27,3
361,헬로키티아일랜드,2021-12-28,9
362,헬로키티아일랜드,2021-12-29,6
363,헬로키티아일랜드,2021-12-30,6
364,헬로키티아일랜드,2021-12-31,3
