﻿,관광지,날짜,버즈량
0,휴애리자연생활공원,2021-01-01,8
1,휴애리자연생활공원,2021-01-02,3
2,휴애리자연생활공원,2021-01-03,2
3,휴애리자연생활공원,2021-01-04,2
4,휴애리자연생활공원,2021-01-05,3
5,휴애리자연생활공원,2021-01-06,2
6,휴애리자연생활공원,2021-01-07,5
7,휴애리자연생활공원,2021-01-08,2
8,휴애리자연생활공원,2021-01-09,6
9,휴애리자연생활공원,2021-01-10,1
10,휴애리자연생활공원,2021-01-11,4
11,휴애리자연생활공원,2021-01-12,1
12,휴애리자연생활공원,2021-01-13,3
13,휴애리자연생활공원,2021-01-14,5
14,휴애리자연생활공원,2021-01-15,1
15,휴애리자연생활공원,2021-01-16,3
16,휴애리자연생활공원,2021-01-17,0
17,휴애리자연생활공원,2021-01-18,3
18,휴애리자연생활공원,2021-01-19,2
19,휴애리자연생활공원,2021-01-20,2
20,휴애리자연생활공원,2021-01-21,4
21,휴애리자연생활공원,2021-01-22,3
22,휴애리자연생활공원,2021-01-23,2
23,휴애리자연생활공원,2021-01-24,3
24,휴애리자연생활공원,2021-01-25,3
25,휴애리자연생활공원,2021-01-26,5
26,휴애리자연생활공원,2021-01-27,2
27,휴애리자연생활공원,2021-01-28,2
28,휴애리자연생활공원,2021-01-29,5
29,휴애리자연생활공원,2021-01-30,1
30,휴애리자연생활공원,2021-01-31,0
31,휴애리자연생활공원,2021-02-01,2
32,휴애리자연생활공원,2021-02-02,0
33,휴애리자연생활공원,2021-02-03,2
34,휴애리자연생활공원,2021-02-04,1
35,휴애리자연생활공원,2021-02-05,2
36,휴애리자연생활공원,2021-02-06,3
37,휴애리자연생활공원,2021-02-07,3
38,휴애리자연생활공원,2021-02-08,3
39,휴애리자연생활공원,2021-02-09,3
40,휴애리자연생활공원,2021-02-10,1
41,휴애리자연생활공원,2021-02-11,5
42,휴애리자연생활공원,2021-02-12,1
43,휴애리자연생활공원,2021-02-13,3
44,휴애리자연생활공원,2021-02-14,6
45,휴애리자연생활공원,2021-02-15,2
46,휴애리자연생활공원,2021-02-16,1
47,휴애리자연생활공원,2021-02-17,3
48,휴애리자연생활공원,2021-02-18,8
49,휴애리자연생활공원,2021-02-19,12
50,휴애리자연생활공원,2021-02-20,3
51,휴애리자연생활공원,2021-02-21,6
52,휴애리자연생활공원,2021-02-22,4
53,휴애리자연생활공원,2021-02-23,4
54,휴애리자연생활공원,2021-02-24,3
55,휴애리자연생활공원,2021-02-25,6
56,휴애리자연생활공원,2021-02-26,5
57,휴애리자연생활공원,2021-02-27,5
58,휴애리자연생활공원,2021-02-28,6
59,휴애리자연생활공원,2021-03-01,2
60,휴애리자연생활공원,2021-03-02,7
61,휴애리자연생활공원,2021-03-03,5
62,휴애리자연생활공원,2021-03-04,8
63,휴애리자연생활공원,2021-03-05,3
64,휴애리자연생활공원,2021-03-06,2
65,휴애리자연생활공원,2021-03-07,3
66,휴애리자연생활공원,2021-03-08,4
67,휴애리자연생활공원,2021-03-09,4
68,휴애리자연생활공원,2021-03-10,5
69,휴애리자연생활공원,2021-03-11,4
70,휴애리자연생활공원,2021-03-12,3
71,휴애리자연생활공원,2021-03-13,3
72,휴애리자연생활공원,2021-03-14,2
73,휴애리자연생활공원,2021-03-15,4
74,휴애리자연생활공원,2021-03-16,0
75,휴애리자연생활공원,2021-03-17,3
76,휴애리자연생활공원,2021-03-18,0
77,휴애리자연생활공원,2021-03-19,2
78,휴애리자연생활공원,2021-03-20,1
79,휴애리자연생활공원,2021-03-21,1
80,휴애리자연생활공원,2021-03-22,1
81,휴애리자연생활공원,2021-03-23,3
82,휴애리자연생활공원,2021-03-24,5
83,휴애리자연생활공원,2021-03-25,3
84,휴애리자연생활공원,2021-03-26,4
85,휴애리자연생활공원,2021-03-27,1
86,휴애리자연생활공원,2021-03-28,4
87,휴애리자연생활공원,2021-03-29,1
88,휴애리자연생활공원,2021-03-30,0
89,휴애리자연생활공원,2021-03-31,0
90,휴애리자연생활공원,2021-04-01,3
91,휴애리자연생활공원,2021-04-02,2
92,휴애리자연생활공원,2021-04-03,1
93,휴애리자연생활공원,2021-04-04,2
94,휴애리자연생활공원,2021-04-05,2
95,휴애리자연생활공원,2021-04-06,1
96,휴애리자연생활공원,2021-04-07,0
97,휴애리자연생활공원,2021-04-08,4
98,휴애리자연생활공원,2021-04-09,3
99,휴애리자연생활공원,2021-04-10,3
100,휴애리자연생활공원,2021-04-11,4
101,휴애리자연생활공원,2021-04-12,13
102,휴애리자연생활공원,2021-04-13,9
103,휴애리자연생활공원,2021-04-14,7
104,휴애리자연생활공원,2021-04-15,6
105,휴애리자연생활공원,2021-04-16,5
106,휴애리자연생활공원,2021-04-17,5
107,휴애리자연생활공원,2021-04-18,4
108,휴애리자연생활공원,2021-04-19,5
109,휴애리자연생활공원,2021-04-20,6
110,휴애리자연생활공원,2021-04-21,1
111,휴애리자연생활공원,2021-04-22,5
112,휴애리자연생활공원,2021-04-23,6
113,휴애리자연생활공원,2021-04-24,7
114,휴애리자연생활공원,2021-04-25,1
115,휴애리자연생활공원,2021-04-26,11
116,휴애리자연생활공원,2021-04-27,10
117,휴애리자연생활공원,2021-04-28,8
118,휴애리자연생활공원,2021-04-29,3
119,휴애리자연생활공원,2021-04-30,4
120,휴애리자연생활공원,2021-05-01,5
121,휴애리자연생활공원,2021-05-02,6
122,휴애리자연생활공원,2021-05-03,5
123,휴애리자연생활공원,2021-05-04,10
124,휴애리자연생활공원,2021-05-05,7
125,휴애리자연생활공원,2021-05-06,7
126,휴애리자연생활공원,2021-05-07,10
127,휴애리자연생활공원,2021-05-08,7
128,휴애리자연생활공원,2021-05-09,8
129,휴애리자연생활공원,2021-05-10,10
130,휴애리자연생활공원,2021-05-11,14
131,휴애리자연생활공원,2021-05-12,9
132,휴애리자연생활공원,2021-05-13,5
133,휴애리자연생활공원,2021-05-14,8
134,휴애리자연생활공원,2021-05-15,6
135,휴애리자연생활공원,2021-05-16,4
136,휴애리자연생활공원,2021-05-17,10
137,휴애리자연생활공원,2021-05-18,13
138,휴애리자연생활공원,2021-05-19,5
139,휴애리자연생활공원,2021-05-20,12
140,휴애리자연생활공원,2021-05-21,15
141,휴애리자연생활공원,2021-05-22,7
142,휴애리자연생활공원,2021-05-23,8
143,휴애리자연생활공원,2021-05-24,10
144,휴애리자연생활공원,2021-05-25,9
145,휴애리자연생활공원,2021-05-26,19
146,휴애리자연생활공원,2021-05-27,10
147,휴애리자연생활공원,2021-05-28,12
148,휴애리자연생활공원,2021-05-29,15
149,휴애리자연생활공원,2021-05-30,9
150,휴애리자연생활공원,2021-05-31,14
151,휴애리자연생활공원,2021-06-01,12
152,휴애리자연생활공원,2021-06-02,13
153,휴애리자연생활공원,2021-06-03,15
154,휴애리자연생활공원,2021-06-04,10
155,휴애리자연생활공원,2021-06-05,7
156,휴애리자연생활공원,2021-06-06,9
157,휴애리자연생활공원,2021-06-07,14
158,휴애리자연생활공원,2021-06-08,9
159,휴애리자연생활공원,2021-06-09,9
160,휴애리자연생활공원,2021-06-10,12
161,휴애리자연생활공원,2021-06-11,9
162,휴애리자연생활공원,2021-06-12,8
163,휴애리자연생활공원,2021-06-13,9
164,휴애리자연생활공원,2021-06-14,15
165,휴애리자연생활공원,2021-06-15,8
166,휴애리자연생활공원,2021-06-16,11
167,휴애리자연생활공원,2021-06-17,8
168,휴애리자연생활공원,2021-06-18,9
169,휴애리자연생활공원,2021-06-19,16
170,휴애리자연생활공원,2021-06-20,9
171,휴애리자연생활공원,2021-06-21,15
172,휴애리자연생활공원,2021-06-22,14
173,휴애리자연생활공원,2021-06-23,14
174,휴애리자연생활공원,2021-06-24,10
175,휴애리자연생활공원,2021-06-25,10
176,휴애리자연생활공원,2021-06-26,9
177,휴애리자연생활공원,2021-06-27,10
178,휴애리자연생활공원,2021-06-28,6
179,휴애리자연생활공원,2021-06-29,8
180,휴애리자연생활공원,2021-06-30,7
181,휴애리자연생활공원,2021-07-01,11
182,휴애리자연생활공원,2021-07-02,8
183,휴애리자연생활공원,2021-07-03,3
184,휴애리자연생활공원,2021-07-04,11
185,휴애리자연생활공원,2021-07-05,6
186,휴애리자연생활공원,2021-07-06,6
187,휴애리자연생활공원,2021-07-07,7
188,휴애리자연생활공원,2021-07-08,7
189,휴애리자연생활공원,2021-07-09,4
190,휴애리자연생활공원,2021-07-10,5
191,휴애리자연생활공원,2021-07-11,7
192,휴애리자연생활공원,2021-07-12,5
193,휴애리자연생활공원,2021-07-13,11
194,휴애리자연생활공원,2021-07-14,6
195,휴애리자연생활공원,2021-07-15,7
196,휴애리자연생활공원,2021-07-16,5
197,휴애리자연생활공원,2021-07-17,5
198,휴애리자연생활공원,2021-07-18,2
199,휴애리자연생활공원,2021-07-19,9
200,휴애리자연생활공원,2021-07-20,2
201,휴애리자연생활공원,2021-07-21,5
202,휴애리자연생활공원,2021-07-22,7
203,휴애리자연생활공원,2021-07-23,4
204,휴애리자연생활공원,2021-07-24,5
205,휴애리자연생활공원,2021-07-25,3
206,휴애리자연생활공원,2021-07-26,4
207,휴애리자연생활공원,2021-07-27,4
208,휴애리자연생활공원,2021-07-28,5
209,휴애리자연생활공원,2021-07-29,4
210,휴애리자연생활공원,2021-07-30,4
211,휴애리자연생활공원,2021-07-31,5
212,휴애리자연생활공원,2021-08-01,3
213,휴애리자연생활공원,2021-08-02,2
214,휴애리자연생활공원,2021-08-03,0
215,휴애리자연생활공원,2021-08-04,4
216,휴애리자연생활공원,2021-08-05,7
217,휴애리자연생활공원,2021-08-06,5
218,휴애리자연생활공원,2021-08-07,4
219,휴애리자연생활공원,2021-08-08,3
220,휴애리자연생활공원,2021-08-09,2
221,휴애리자연생활공원,2021-08-10,5
222,휴애리자연생활공원,2021-08-11,4
223,휴애리자연생활공원,2021-08-12,5
224,휴애리자연생활공원,2021-08-13,3
225,휴애리자연생활공원,2021-08-14,3
226,휴애리자연생활공원,2021-08-15,3
227,휴애리자연생활공원,2021-08-16,6
228,휴애리자연생활공원,2021-08-17,0
229,휴애리자연생활공원,2021-08-18,3
230,휴애리자연생활공원,2021-08-19,1
231,휴애리자연생활공원,2021-08-20,2
232,휴애리자연생활공원,2021-08-21,1
233,휴애리자연생활공원,2021-08-22,0
234,휴애리자연생활공원,2021-08-23,5
235,휴애리자연생활공원,2021-08-24,3
236,휴애리자연생활공원,2021-08-25,1
237,휴애리자연생활공원,2021-08-26,5
238,휴애리자연생활공원,2021-08-27,4
239,휴애리자연생활공원,2021-08-28,6
240,휴애리자연생활공원,2021-08-29,0
241,휴애리자연생활공원,2021-08-30,4
242,휴애리자연생활공원,2021-08-31,4
243,휴애리자연생활공원,2021-09-01,2
244,휴애리자연생활공원,2021-09-02,3
245,휴애리자연생활공원,2021-09-03,0
246,휴애리자연생활공원,2021-09-04,0
247,휴애리자연생활공원,2021-09-05,1
248,휴애리자연생활공원,2021-09-06,6
249,휴애리자연생활공원,2021-09-07,3
250,휴애리자연생활공원,2021-09-08,3
251,휴애리자연생활공원,2021-09-09,4
252,휴애리자연생활공원,2021-09-10,1
253,휴애리자연생활공원,2021-09-11,2
254,휴애리자연생활공원,2021-09-12,2
255,휴애리자연생활공원,2021-09-13,2
256,휴애리자연생활공원,2021-09-14,1
257,휴애리자연생활공원,2021-09-15,2
258,휴애리자연생활공원,2021-09-16,5
259,휴애리자연생활공원,2021-09-17,4
260,휴애리자연생활공원,2021-09-18,1
261,휴애리자연생활공원,2021-09-19,1
262,휴애리자연생활공원,2021-09-20,2
263,휴애리자연생활공원,2021-09-21,2
264,휴애리자연생활공원,2021-09-22,2
265,휴애리자연생활공원,2021-09-23,4
266,휴애리자연생활공원,2021-09-24,2
267,휴애리자연생활공원,2021-09-25,2
268,휴애리자연생활공원,2021-09-26,4
269,휴애리자연생활공원,2021-09-27,3
270,휴애리자연생활공원,2021-09-28,3
271,휴애리자연생활공원,2021-09-29,8
272,휴애리자연생활공원,2021-09-30,9
273,휴애리자연생활공원,2021-10-01,7
274,휴애리자연생활공원,2021-10-02,1
275,휴애리자연생활공원,2021-10-03,3
276,휴애리자연생활공원,2021-10-04,7
277,휴애리자연생활공원,2021-10-05,9
278,휴애리자연생활공원,2021-10-06,8
279,휴애리자연생활공원,2021-10-07,4
280,휴애리자연생활공원,2021-10-08,7
281,휴애리자연생활공원,2021-10-09,5
282,휴애리자연생활공원,2021-10-10,8
283,휴애리자연생활공원,2021-10-11,6
284,휴애리자연생활공원,2021-10-12,9
285,휴애리자연생활공원,2021-10-13,8
286,휴애리자연생활공원,2021-10-14,8
287,휴애리자연생활공원,2021-10-15,2
288,휴애리자연생활공원,2021-10-16,4
289,휴애리자연생활공원,2021-10-17,4
290,휴애리자연생활공원,2021-10-18,4
291,휴애리자연생활공원,2021-10-19,5
292,휴애리자연생활공원,2021-10-20,8
293,휴애리자연생활공원,2021-10-21,1
294,휴애리자연생활공원,2021-10-22,4
295,휴애리자연생활공원,2021-10-23,2
296,휴애리자연생활공원,2021-10-24,1
297,휴애리자연생활공원,2021-10-25,6
298,휴애리자연생활공원,2021-10-26,6
299,휴애리자연생활공원,2021-10-27,8
300,휴애리자연생활공원,2021-10-28,5
301,휴애리자연생활공원,2021-10-29,8
302,휴애리자연생활공원,2021-10-30,1
303,휴애리자연생활공원,2021-10-31,6
304,휴애리자연생활공원,2021-11-01,5
305,휴애리자연생활공원,2021-11-02,6
306,휴애리자연생활공원,2021-11-03,3
307,휴애리자연생활공원,2021-11-04,5
308,휴애리자연생활공원,2021-11-05,2
309,휴애리자연생활공원,2021-11-06,1
310,휴애리자연생활공원,2021-11-07,0
311,휴애리자연생활공원,2021-11-08,2
312,휴애리자연생활공원,2021-11-09,2
313,휴애리자연생활공원,2021-11-10,6
314,휴애리자연생활공원,2021-11-11,3
315,휴애리자연생활공원,2021-11-12,5
316,휴애리자연생활공원,2021-11-13,8
317,휴애리자연생활공원,2021-11-14,3
318,휴애리자연생활공원,2021-11-15,4
319,휴애리자연생활공원,2021-11-16,4
320,휴애리자연생활공원,2021-11-17,4
321,휴애리자연생활공원,2021-11-18,6
322,휴애리자연생활공원,2021-11-19,7
323,휴애리자연생활공원,2021-11-20,5
324,휴애리자연생활공원,2021-11-21,3
325,휴애리자연생활공원,2021-11-22,6
326,휴애리자연생활공원,2021-11-23,5
327,휴애리자연생활공원,2021-11-24,9
328,휴애리자연생활공원,2021-11-25,10
329,휴애리자연생활공원,2021-11-26,11
330,휴애리자연생활공원,2021-11-27,5
331,휴애리자연생활공원,2021-11-28,6
332,휴애리자연생활공원,2021-11-29,4
333,휴애리자연생활공원,2021-11-30,9
334,휴애리자연생활공원,2021-12-01,13
335,휴애리자연생활공원,2021-12-02,16
336,휴애리자연생활공원,2021-12-03,9
337,휴애리자연생활공원,2021-12-04,5
338,휴애리자연생활공원,2021-12-05,10
339,휴애리자연생활공원,2021-12-06,9
340,휴애리자연생활공원,2021-12-07,9
341,휴애리자연생활공원,2021-12-08,12
342,휴애리자연생활공원,2021-12-09,6
343,휴애리자연생활공원,2021-12-10,7
344,휴애리자연생활공원,2021-12-11,6
345,휴애리자연생활공원,2021-12-12,9
346,휴애리자연생활공원,2021-12-13,7
347,휴애리자연생활공원,2021-12-14,12
348,휴애리자연생활공원,2021-12-15,8
349,휴애리자연생활공원,2021-12-16,8
350,휴애리자연생활공원,2021-12-17,5
351,휴애리자연생활공원,2021-12-18,6
352,휴애리자연생활공원,2021-12-19,7
353,휴애리자연생활공원,2021-12-20,11
354,휴애리자연생활공원,2021-12-21,11
355,휴애리자연생활공원,2021-12-22,5
356,휴애리자연생활공원,2021-12-23,6
357,휴애리자연생활공원,2021-12-24,7
358,휴애리자연생활공원,2021-12-25,4
359,휴애리자연생활공원,2021-12-26,9
360,휴애리자연생활공원,2021-12-27,6
361,휴애리자연생활공원,2021-12-28,4
362,휴애리자연생활공원,2021-12-29,6
363,휴애리자연생활공원,2021-12-30,10
364,휴애리자연생활공원,2021-12-31,7
